Date,Project,Colony_ID,Species,Phenotype,Run,Chamber,Target_Temperature,Measured_Temperature,Chamber_Volume_mL,Surface_Area_cm2,Notes
2023-09-22,CAREER,203,Montipora capitata,Susceptible,1,1,18,19.5,358.8422838,25.43936205,
2023-09-22,CAREER,203,Montipora capitata,Susceptible,2,1,22,23.2,369.1082838,25.43936205,
2023-09-22,CAREER,203,Montipora capitata,Susceptible,3,1,25,26.4,369.4812838,25.43936205,
2023-09-22,CAREER,203,Montipora capitata,Susceptible,4,1,28,29.4,369.7832838,25.43936205,
2023-09-22,CAREER,203,Montipora capitata,Susceptible,5,1,31,32.5,373.2332838,25.43936205,
2023-09-22,CAREER,203,Montipora capitata,Susceptible,6,1,34,35.5,373.6552838,25.43936205,
2023-09-22,CAREER,203,Montipora capitata,Susceptible,7,1,38,39.4,377.6002838,25.43936205,
2023-09-22,CAREER,243,Porites compressa,Susceptible,1,2,18,19.5,365.8583961,25.90313869,
2023-09-22,CAREER,243,Porites compressa,Susceptible,2,2,22,23.2,359.0313961,25.90313869,
2023-09-22,CAREER,243,Porites compressa,Susceptible,3,2,25,26.4,376.3683961,25.90313869,
2023-09-22,CAREER,243,Porites compressa,Susceptible,4,2,28,29.4,367.3003961,25.90313869,
2023-09-22,CAREER,243,Porites compressa,Susceptible,5,2,31,32.5,347.9803961,25.90313869,
2023-09-22,CAREER,243,Porites compressa,Susceptible,6,2,34,35.5,361.2183961,25.90313869,
2023-09-22,CAREER,243,Porites compressa,Susceptible,7,2,38,39.4,360.7263961,25.90313869,
2023-09-22,CAREER,201,Montipora capitata,Susceptible,1,3,18,19.5,356.4827985,23.38080728,
2023-09-22,CAREER,201,Montipora capitata,Susceptible,2,3,22,23.2,373.7617985,23.38080728,
2023-09-22,CAREER,201,Montipora capitata,Susceptible,3,3,25,26.4,368.0137985,23.38080728,
2023-09-22,CAREER,201,Montipora capitata,Susceptible,4,3,28,29.4,378.8197985,23.38080728,
2023-09-22,CAREER,201,Montipora capitata,Susceptible,5,3,31,32.5,361.1187985,23.38080728,
2023-09-22,CAREER,201,Montipora capitata,Susceptible,6,3,34,35.5,371.2247985,23.38080728,
2023-09-22,CAREER,201,Montipora capitata,Susceptible,7,3,38,39.4,377.5217985,23.38080728,
2023-09-22,CAREER,240,Porites compressa,Resistant,1,4,18,19.5,356.5684014,29.29768844,
2023-09-22,CAREER,240,Porites compressa,Resistant,2,4,22,23.2,377.4634014,29.29768844,
2023-09-22,CAREER,240,Porites compressa,Resistant,3,4,25,26.4,373.9954014,29.29768844,
2023-09-22,CAREER,240,Porites compressa,Resistant,4,4,28,29.4,374.9534014,29.29768844,
2023-09-22,CAREER,240,Porites compressa,Resistant,5,4,31,32.5,377.4974014,29.29768844,
2023-09-22,CAREER,240,Porites compressa,Resistant,6,4,34,35.5,364.7174014,29.29768844,
2023-09-22,CAREER,240,Porites compressa,Resistant,7,4,38,39.4,361.8024014,29.29768844,
2023-09-22,CAREER,212,Montipora capitata,Resistant,1,5,18,19.5,364.6015373,37.65256827,
2023-09-22,CAREER,212,Montipora capitata,Resistant,2,5,22,23.2,366.8935373,37.65256827,
2023-09-22,CAREER,212,Montipora capitata,Resistant,3,5,25,26.4,362.7255373,37.65256827,
2023-09-22,CAREER,212,Montipora capitata,Resistant,4,5,28,29.4,364.5265373,37.65256827,
2023-09-22,CAREER,212,Montipora capitata,Resistant,5,5,31,32.5,391.9245373,37.65256827,
2023-09-22,CAREER,212,Montipora capitata,Resistant,6,5,34,35.5,390.1975373,37.65256827,
2023-09-22,CAREER,212,Montipora capitata,Resistant,7,5,38,39.4,382.9405373,37.65256827,
2023-09-22,CAREER,233,Porites compressa,Susceptible,1,6,18,19.5,363.9429982,22.76873097,
2023-09-22,CAREER,233,Porites compressa,Susceptible,2,6,22,23.2,372.4639982,22.76873097,
2023-09-22,CAREER,233,Porites compressa,Susceptible,3,6,25,26.4,370.0339982,22.76873097,
2023-09-22,CAREER,233,Porites compressa,Susceptible,4,6,28,29.4,371.4759982,22.76873097,
2023-09-22,CAREER,233,Porites compressa,Susceptible,5,6,31,32.5,198.5309982,22.76873097,
2023-09-22,CAREER,233,Porites compressa,Susceptible,6,6,34,35.5,367.5999982,22.76873097,
2023-09-22,CAREER,233,Porites compressa,Susceptible,7,6,38,39.4,358.9659982,22.76873097,
2023-09-22,CAREER,19,Montipora capitata,Susceptible,1,7,18,19.5,364.0185812,22.70116707,
2023-09-22,CAREER,19,Montipora capitata,Susceptible,2,7,22,23.2,374.7775812,22.70116707,
2023-09-22,CAREER,19,Montipora capitata,Susceptible,3,7,25,26.4,363.6355812,22.70116707,
2023-09-22,CAREER,19,Montipora capitata,Susceptible,4,7,28,29.4,365.4615812,22.70116707,
2023-09-22,CAREER,19,Montipora capitata,Susceptible,5,7,31,32.5,382.2975812,22.70116707,
2023-09-22,CAREER,19,Montipora capitata,Susceptible,6,7,34,35.5,386.2195812,22.70116707,
2023-09-22,CAREER,19,Montipora capitata,Susceptible,7,7,38,39.4,379.9705812,22.70116707,
2023-09-22,CAREER,29,Porites compressa,Resistant,1,8,18,19.5,365.514796,24.02604475,
2023-09-22,CAREER,29,Porites compressa,Resistant,2,8,22,23.2,365.100796,24.02604475,
2023-09-22,CAREER,29,Porites compressa,Resistant,3,8,25,26.4,369.708796,24.02604475,
2023-09-22,CAREER,29,Porites compressa,Resistant,4,8,28,29.4,363.477796,24.02604475,
2023-09-22,CAREER,29,Porites compressa,Resistant,5,8,31,32.5,363.026796,24.02604475,
2023-09-22,CAREER,29,Porites compressa,Resistant,6,8,34,35.5,366.614796,24.02604475,
2023-09-22,CAREER,29,Porites compressa,Resistant,7,8,38,39.4,362.918796,24.02604475,
2023-09-22,CAREER,41,Porites compressa,Susceptible,1,9,18,19.5,356.0992759,41.14552142,
2023-09-22,CAREER,41,Porites compressa,Susceptible,2,9,22,23.2,353.6382759,41.14552142,
2023-09-22,CAREER,41,Porites compressa,Susceptible,3,9,25,26.4,358.0712759,41.14552142,
2023-09-22,CAREER,41,Porites compressa,Susceptible,4,9,28,29.4,344.2592759,41.14552142,
2023-09-22,CAREER,41,Porites compressa,Susceptible,5,9,31,32.5,367.6102759,41.14552142,
2023-09-22,CAREER,41,Porites compressa,Susceptible,6,9,34,35.5,362.8332759,41.14552142,
2023-09-22,CAREER,41,Porites compressa,Susceptible,7,9,38,39.4,359.2252759,41.14552142,
2023-09-22,CAREER,blank,NA,NA,1,10,18,19.5,NA,NA,
2023-09-22,CAREER,blank,NA,NA,2,10,22,23.2,NA,NA,
2023-09-22,CAREER,blank,NA,NA,3,10,25,26.4,NA,NA,
2023-09-22,CAREER,blank,NA,NA,4,10,28,29.4,NA,NA,
2023-09-22,CAREER,blank,NA,NA,5,10,31,32.5,NA,NA,
2023-09-22,CAREER,blank,NA,NA,6,10,34,35.5,NA,NA,
2023-09-22,CAREER,blank,NA,NA,7,10,38,39.4,NA,NA,
2023-09-23,CAREER,206,Montipora capitata,Resistant,8,1,18,19.5,347.1227818,57.74845187,
2023-09-23,CAREER,206,Montipora capitata,Resistant,9,1,22,23.2,354.3167818,57.74845187,
2023-09-23,CAREER,206,Montipora capitata,Resistant,10,1,25,26.4,350.7787818,57.74845187,
2023-09-23,CAREER,206,Montipora capitata,Resistant,11,1,28,29.4,350.4497818,57.74845187,
2023-09-23,CAREER,206,Montipora capitata,Resistant,12,1,31,32.5,340.8887818,57.74845187,
2023-09-23,CAREER,206,Montipora capitata,Resistant,13,1,34,35.5,361.3107818,57.74845187,
2023-09-23,CAREER,206,Montipora capitata,Resistant,14,1,38,39.4,357.1967818,57.74845187,
2023-09-23,CAREER,226,Porites compressa,Resistant,8,2,18,19.5,370.7894319,22.05380642,
2023-09-23,CAREER,226,Porites compressa,Resistant,9,2,22,23.2,387.8794319,22.05380642,
2023-09-23,CAREER,226,Porites compressa,Resistant,10,2,25,26.4,373.8014319,22.05380642,
2023-09-23,CAREER,226,Porites compressa,Resistant,11,2,28,29.4,371.0084319,22.05380642,
2023-09-23,CAREER,226,Porites compressa,Resistant,12,2,31,32.5,366.9324319,22.05380642,
2023-09-23,CAREER,226,Porites compressa,Resistant,13,2,34,35.5,381.2434319,22.05380642,
2023-09-23,CAREER,226,Porites compressa,Resistant,14,2,38,39.4,380.5534319,22.05380642,
2023-09-23,CAREER,45,Porites compressa,Susceptible,8,3,18,19.5,367.58703,20.88991377,
2023-09-23,CAREER,45,Porites compressa,Susceptible,9,3,22,23.2,356.75603,20.88991377,
2023-09-23,CAREER,45,Porites compressa,Susceptible,10,3,25,26.4,366.14703,20.88991377,
2023-09-23,CAREER,45,Porites compressa,Susceptible,11,3,28,29.4,358.47903,20.88991377,
2023-09-23,CAREER,45,Porites compressa,Susceptible,12,3,31,32.5,354.96103,20.88991377,
2023-09-23,CAREER,45,Porites compressa,Susceptible,13,3,34,35.5,378.36803,20.88991377,
2023-09-23,CAREER,45,Porites compressa,Susceptible,14,3,38,39.4,381.26603,20.88991377,
2023-09-23,CAREER,225,Porites compressa,Susceptible,8,4,18,19.5,375.4293697,26.5114179,
2023-09-23,CAREER,225,Porites compressa,Susceptible,9,4,22,23.2,377.1923697,26.5114179,
2023-09-23,CAREER,225,Porites compressa,Susceptible,10,4,25,26.4,368.5383697,26.5114179,
2023-09-23,CAREER,225,Porites compressa,Susceptible,11,4,28,29.4,376.4563697,26.5114179,
2023-09-23,CAREER,225,Porites compressa,Susceptible,12,4,31,32.5,355.0193697,26.5114179,
2023-09-23,CAREER,225,Porites compressa,Susceptible,13,4,34,35.5,391.4743697,26.5114179,
2023-09-23,CAREER,225,Porites compressa,Susceptible,14,4,38,39.4,383.6943697,26.5114179,
2023-09-23,CAREER,221,Montipora capitata,Susceptible,8,5,18,19.5,365.5359924,26.07098054,
2023-09-23,CAREER,221,Montipora capitata,Susceptible,9,5,22,23.2,373.9909924,26.07098054,
2023-09-23,CAREER,221,Montipora capitata,Susceptible,10,5,25,26.4,356.9489924,26.07098054,
2023-09-23,CAREER,221,Montipora capitata,Susceptible,11,5,28,29.4,366.8709924,26.07098054,
2023-09-23,CAREER,221,Montipora capitata,Susceptible,12,5,31,32.5,366.1739924,26.07098054,
2023-09-23,CAREER,221,Montipora capitata,Susceptible,13,5,34,35.5,380.1109924,26.07098054,
2023-09-23,CAREER,221,Montipora capitata,Susceptible,14,5,38,39.4,374.9739924,26.07098054,
2023-09-23,CAREER,42,Porites compressa,Resistant,8,6,18,19.5,375.1386527,22.70840934,
2023-09-23,CAREER,42,Porites compressa,Resistant,9,6,22,23.2,374.4376527,22.70840934,
2023-09-23,CAREER,42,Porites compressa,Resistant,10,6,25,26.4,378.5486527,22.70840934,
2023-09-23,CAREER,42,Porites compressa,Resistant,11,6,28,29.4,374.3906527,22.70840934,
2023-09-23,CAREER,42,Porites compressa,Resistant,12,6,31,32.5,381.6456527,22.70840934,
2023-09-23,CAREER,42,Porites compressa,Resistant,13,6,34,35.5,381.1886527,22.70840934,
2023-09-23,CAREER,42,Porites compressa,Resistant,14,6,38,39.4,378.5186527,22.70840934,
2023-09-23,CAREER,209,Montipora capitata,Susceptible,8,7,18,19.5,364.2631353,26.63296658,
2023-09-23,CAREER,209,Montipora capitata,Susceptible,9,7,22,23.2,352.8091353,26.63296658,
2023-09-23,CAREER,209,Montipora capitata,Susceptible,10,7,25,26.4,352.4851353,26.63296658,
2023-09-23,CAREER,209,Montipora capitata,Susceptible,11,7,28,29.4,362.3581353,26.63296658,
2023-09-23,CAREER,209,Montipora capitata,Susceptible,12,7,31,32.5,351.9231353,26.63296658,
2023-09-23,CAREER,209,Montipora capitata,Susceptible,13,7,34,35.5,383.7611353,26.63296658,
2023-09-23,CAREER,209,Montipora capitata,Susceptible,14,7,38,39.4,371.3211353,26.63296658,
2023-09-23,CAREER,26,Porites compressa,Susceptible,8,8,18,19.5,366.7300895,24.88167307,
2023-09-23,CAREER,26,Porites compressa,Susceptible,9,8,22,23.2,360.4110895,24.88167307,
2023-09-23,CAREER,26,Porites compressa,Susceptible,10,8,25,26.4,379.1910895,24.88167307,
2023-09-23,CAREER,26,Porites compressa,Susceptible,11,8,28,29.4,365.5940895,24.88167307,
2023-09-23,CAREER,26,Porites compressa,Susceptible,12,8,31,32.5,365.5570895,24.88167307,
2023-09-23,CAREER,26,Porites compressa,Susceptible,13,8,34,35.5,372.9900895,24.88167307,
2023-09-23,CAREER,26,Porites compressa,Susceptible,14,8,38,39.4,368.2830895,24.88167307,
2023-09-23,CAREER,237,Porites compressa,Susceptible,8,9,18,19.5,382.8379185,17.89549204,
2023-09-23,CAREER,237,Porites compressa,Susceptible,9,9,22,23.2,372.0189185,17.89549204,
2023-09-23,CAREER,237,Porites compressa,Susceptible,10,9,25,26.4,359.4129185,17.89549204,
2023-09-23,CAREER,237,Porites compressa,Susceptible,11,9,28,29.4,355.8129185,17.89549204,
2023-09-23,CAREER,237,Porites compressa,Susceptible,12,9,31,32.5,371.7809185,17.89549204,
2023-09-23,CAREER,237,Porites compressa,Susceptible,13,9,34,35.5,388.2999185,17.89549204,
2023-09-23,CAREER,237,Porites compressa,Susceptible,14,9,38,39.4,377.7789185,17.89549204,
2023-09-23,CAREER,12,Montipora capitata,Resistant,8,10,18,19.5,371.8286789,25.92088563,
2023-09-23,CAREER,12,Montipora capitata,Resistant,9,10,22,23.2,377.4556789,25.92088563,
2023-09-23,CAREER,12,Montipora capitata,Resistant,10,10,25,26.4,375.2306789,25.92088563,
2023-09-23,CAREER,12,Montipora capitata,Resistant,11,10,28,29.4,342.7556789,25.92088563,
2023-09-23,CAREER,12,Montipora capitata,Resistant,12,10,31,32.5,375.9706789,25.92088563,
2023-09-23,CAREER,12,Montipora capitata,Resistant,13,10,34,35.5,379.0256789,25.92088563,
2023-09-23,CAREER,12,Montipora capitata,Resistant,14,10,38,39.4,373.2706789,25.92088563,
2023-09-24,CAREER,205,Montipora capitata,Susceptible,15,1,18,19.5,348.6353566,27.39337475,
2023-09-24,CAREER,205,Montipora capitata,Susceptible,16,1,22,23.2,359.9383566,27.39337475,
2023-09-24,CAREER,205,Montipora capitata,Susceptible,17,1,25,26.4,368.3563566,27.39337475,
2023-09-24,CAREER,205,Montipora capitata,Susceptible,18,1,28,29.4,363.6823566,27.39337475,
2023-09-24,CAREER,205,Montipora capitata,Susceptible,19,1,31,32.5,375.0603566,27.39337475,
2023-09-24,CAREER,205,Montipora capitata,Susceptible,20,1,34,35.5,374.2083566,27.39337475,
2023-09-24,CAREER,205,Montipora capitata,Susceptible,21,1,38,39.4,373.1893566,27.39337475,
2023-09-24,CAREER,235,Porites compressa,Susceptible,15,2,18,19.5,369.0812349,30.69456464,
2023-09-24,CAREER,235,Porites compressa,Susceptible,16,2,22,23.2,370.4792349,30.69456464,
2023-09-24,CAREER,235,Porites compressa,Susceptible,17,2,25,26.4,378.9282349,30.69456464,
2023-09-24,CAREER,235,Porites compressa,Susceptible,18,2,28,29.4,361.4212349,30.69456464,
2023-09-24,CAREER,235,Porites compressa,Susceptible,19,2,31,32.5,364.6422349,30.69456464,
2023-09-24,CAREER,235,Porites compressa,Susceptible,20,2,34,35.5,365.3412349,30.69456464,
2023-09-24,CAREER,235,Porites compressa,Susceptible,21,2,38,39.4,375.7222349,30.69456464,
2023-09-24,CAREER,247,Porites compressa,Susceptible,15,3,18,19.5,373.2794945,26.40064766,
2023-09-24,CAREER,247,Porites compressa,Susceptible,16,3,22,23.2,374.5694945,26.40064766,
2023-09-24,CAREER,247,Porites compressa,Susceptible,17,3,25,26.4,372.8254945,26.40064766,
2023-09-24,CAREER,247,Porites compressa,Susceptible,18,3,28,29.4,373.8814945,26.40064766,
2023-09-24,CAREER,247,Porites compressa,Susceptible,19,3,31,32.5,374.4854945,26.40064766,
2023-09-24,CAREER,247,Porites compressa,Susceptible,20,3,34,35.5,375.0514945,26.40064766,
2023-09-24,CAREER,247,Porites compressa,Susceptible,21,3,38,39.4,374.2274945,26.40064766,
2023-09-24,CAREER,43,Porites compressa,Susceptible,15,4,18,19.5,374.9321444,23.65607908,
2023-09-24,CAREER,43,Porites compressa,Susceptible,16,4,22,23.2,388.8201444,23.65607908,
2023-09-24,CAREER,43,Porites compressa,Susceptible,17,4,25,26.4,379.4621444,23.65607908,
2023-09-24,CAREER,43,Porites compressa,Susceptible,18,4,28,29.4,391.0951444,23.65607908,
2023-09-24,CAREER,43,Porites compressa,Susceptible,19,4,31,32.5,387.3071444,23.65607908,
2023-09-24,CAREER,43,Porites compressa,Susceptible,20,4,34,35.5,382.0141444,23.65607908,
2023-09-24,CAREER,43,Porites compressa,Susceptible,21,4,38,39.4,391.2021444,23.65607908,
2023-09-24,CAREER,2,Montipora capitata,Resistant,15,5,18,19.5,377.6529591,36.60758992,
2023-09-24,CAREER,2,Montipora capitata,Resistant,16,5,22,23.2,367.9259591,36.60758992,
2023-09-24,CAREER,2,Montipora capitata,Resistant,17,5,25,26.4,373.5929591,36.60758992,
2023-09-24,CAREER,2,Montipora capitata,Resistant,18,5,28,29.4,376.2089591,36.60758992,
2023-09-24,CAREER,2,Montipora capitata,Resistant,19,5,31,32.5,383.1809591,36.60758992,
2023-09-24,CAREER,2,Montipora capitata,Resistant,20,5,34,35.5,372.4689591,36.60758992,
2023-09-24,CAREER,2,Montipora capitata,Resistant,21,5,38,39.4,376.0979591,36.60758992,
2023-09-24,CAREER,27,Porites compressa,Resistant,15,6,18,19.5,387.9000447,23.76579738,
2023-09-24,CAREER,27,Porites compressa,Resistant,16,6,22,23.2,375.5270447,23.76579738,
2023-09-24,CAREER,27,Porites compressa,Resistant,17,6,25,26.4,375.1390447,23.76579738,
2023-09-24,CAREER,27,Porites compressa,Resistant,18,6,28,29.4,373.4650447,23.76579738,
2023-09-24,CAREER,27,Porites compressa,Resistant,19,6,31,32.5,378.4940447,23.76579738,
2023-09-24,CAREER,27,Porites compressa,Resistant,20,6,34,35.5,374.4530447,23.76579738,
2023-09-24,CAREER,27,Porites compressa,Resistant,21,6,38,39.4,378.0450447,23.76579738,
2023-09-24,CAREER,46,Porites compressa,Resistant,15,7,18,19.5,376.8157974,25.00628607,
2023-09-24,CAREER,46,Porites compressa,Resistant,16,7,22,23.2,368.2597974,25.00628607,
2023-09-24,CAREER,46,Porites compressa,Resistant,17,7,25,26.4,367.9307974,25.00628607,
2023-09-24,CAREER,46,Porites compressa,Resistant,18,7,28,29.4,374.7837974,25.00628607,
2023-09-24,CAREER,46,Porites compressa,Resistant,19,7,31,32.5,370.9557974,25.00628607,
2023-09-24,CAREER,46,Porites compressa,Resistant,20,7,34,35.5,368.8587974,25.00628607,
2023-09-24,CAREER,46,Porites compressa,Resistant,21,7,38,39.4,367.4727974,25.00628607,
2023-09-24,CAREER,204,Montipora capitata,Resistant,15,8,18,19.5,383.5710585,23.89127348,
2023-09-24,CAREER,204,Montipora capitata,Resistant,16,8,22,23.2,384.4210585,23.89127348,
2023-09-24,CAREER,204,Montipora capitata,Resistant,17,8,25,26.4,377.9600585,23.89127348,
2023-09-24,CAREER,204,Montipora capitata,Resistant,18,8,28,29.4,372.0820585,23.89127348,
2023-09-24,CAREER,204,Montipora capitata,Resistant,19,8,31,32.5,371.9610585,23.89127348,
2023-09-24,CAREER,204,Montipora capitata,Resistant,20,8,34,35.5,376.3790585,23.89127348,
2023-09-24,CAREER,204,Montipora capitata,Resistant,21,8,38,39.4,378.1150585,23.89127348,
2023-09-24,CAREER,238,Porites compressa,Resistant,15,9,18,19.5,382.9825172,28.28639174,
2023-09-24,CAREER,238,Porites compressa,Resistant,16,9,22,23.2,359.0825172,28.28639174,
2023-09-24,CAREER,238,Porites compressa,Resistant,17,9,25,26.4,366.1735172,28.28639174,
2023-09-24,CAREER,238,Porites compressa,Resistant,18,9,28,29.4,375.9565172,28.28639174,
2023-09-24,CAREER,238,Porites compressa,Resistant,19,9,31,32.5,375.0475172,28.28639174,
2023-09-24,CAREER,238,Porites compressa,Resistant,20,9,34,35.5,377.7825172,28.28639174,
2023-09-24,CAREER,238,Porites compressa,Resistant,21,9,38,39.4,372.6045172,28.28639174,
2023-09-24,CAREER,211,Montipora capitata,Susceptible,15,10,18,19.5,371.8611905,37.65275189,
2023-09-24,CAREER,211,Montipora capitata,Susceptible,16,10,22,23.2,368.8141905,37.65275189,
2023-09-24,CAREER,211,Montipora capitata,Susceptible,17,10,25,26.4,368.6041905,37.65275189,
2023-09-24,CAREER,211,Montipora capitata,Susceptible,18,10,28,29.4,373.7081905,37.65275189,
2023-09-24,CAREER,211,Montipora capitata,Susceptible,19,10,31,32.5,366.4731905,37.65275189,
2023-09-24,CAREER,211,Montipora capitata,Susceptible,20,10,34,35.5,370.0851905,37.65275189,
2023-09-24,CAREER,211,Montipora capitata,Susceptible,21,10,38,39.4,366.2191905,37.65275189,
2023-09-25,CAREER,214,Montipora capitata,Resistant,22,1,18,19.5,375.4948693,24.94387911,
2023-09-25,CAREER,214,Montipora capitata,Resistant,23,1,22,23.2,376.8958693,24.94387911,
2023-09-25,CAREER,214,Montipora capitata,Resistant,24,1,25,26.4,369.8598693,24.94387911,
2023-09-25,CAREER,214,Montipora capitata,Resistant,25,1,28,29.4,377.3678693,24.94387911,
2023-09-25,CAREER,214,Montipora capitata,Resistant,26,1,31,32.5,375.1598693,24.94387911,
2023-09-25,CAREER,214,Montipora capitata,Resistant,27,1,34,35.5,376.9488693,24.94387911,
2023-09-25,CAREER,214,Montipora capitata,Resistant,28,1,38,39.4,364.8038693,24.94387911,
2023-09-25,CAREER,242,Porites compressa,Resistant,22,2,18,19.5,370.097776,25.90313869,
2023-09-25,CAREER,242,Porites compressa,Resistant,23,2,22,23.2,371.878776,25.90313869,
2023-09-25,CAREER,242,Porites compressa,Resistant,24,2,25,26.4,367.453776,25.90313869,
2023-09-25,CAREER,242,Porites compressa,Resistant,25,2,28,29.4,365.621776,25.90313869,
2023-09-25,CAREER,242,Porites compressa,Resistant,26,2,31,32.5,373.791776,25.90313869,
2023-09-25,CAREER,242,Porites compressa,Resistant,27,2,34,35.5,365.142776,25.90313869,
2023-09-25,CAREER,242,Porites compressa,Resistant,28,2,38,39.4,372.514776,25.90313869,
2023-09-25,CAREER,3,Montipora capitata,Susceptible,22,3,18,19.5,381.9220105,21.64924256,
2023-09-25,CAREER,3,Montipora capitata,Susceptible,23,3,22,23.2,376.8780105,21.64924256,
2023-09-25,CAREER,3,Montipora capitata,Susceptible,24,3,25,26.4,380.0520105,21.64924256,
2023-09-25,CAREER,3,Montipora capitata,Susceptible,25,3,28,29.4,369.8790105,21.64924256,
2023-09-25,CAREER,3,Montipora capitata,Susceptible,26,3,31,32.5,379.2090105,21.64924256,
2023-09-25,CAREER,3,Montipora capitata,Susceptible,27,3,34,35.5,374.4080105,21.64924256,
2023-09-25,CAREER,3,Montipora capitata,Susceptible,28,3,38,39.4,369.1000105,21.64924256,
2023-09-25,CAREER,234,Porites compressa,Resistant,22,4,18,19.5,375.0673767,25.07236252,
2023-09-25,CAREER,234,Porites compressa,Resistant,23,4,22,23.2,387.4223767,25.07236252,
2023-09-25,CAREER,234,Porites compressa,Resistant,24,4,25,26.4,377.2783767,25.07236252,
2023-09-25,CAREER,234,Porites compressa,Resistant,25,4,28,29.4,387.8763767,25.07236252,
2023-09-25,CAREER,234,Porites compressa,Resistant,26,4,31,32.5,384.1713767,25.07236252,
2023-09-25,CAREER,234,Porites compressa,Resistant,27,4,34,35.5,382.7963767,25.07236252,
2023-09-25,CAREER,234,Porites compressa,Resistant,28,4,38,39.4,383.9563767,25.07236252,
2023-09-25,CAREER,202,Montipora capitata,Resistant,22,5,18,19.5,371.051628,23.31944106,
2023-09-25,CAREER,202,Montipora capitata,Resistant,23,5,22,23.2,380.390628,23.31944106,
2023-09-25,CAREER,202,Montipora capitata,Resistant,24,5,25,26.4,374.847628,23.31944106,
2023-09-25,CAREER,202,Montipora capitata,Resistant,25,5,28,29.4,377.088628,23.31944106,
2023-09-25,CAREER,202,Montipora capitata,Resistant,26,5,31,32.5,389.826628,23.31944106,
2023-09-25,CAREER,202,Montipora capitata,Resistant,27,5,34,35.5,369.668628,23.31944106,
2023-09-25,CAREER,202,Montipora capitata,Resistant,28,5,38,39.4,371.175628,23.31944106,
2023-09-25,CAREER,241,Porites compressa,Susceptible,22,6,18,19.5,364.6468122,42.08686623,
2023-09-25,CAREER,241,Porites compressa,Susceptible,23,6,22,23.2,362.6138122,42.08686623,
2023-09-25,CAREER,241,Porites compressa,Susceptible,24,6,25,26.4,365.5468122,42.08686623,
2023-09-25,CAREER,241,Porites compressa,Susceptible,25,6,28,29.4,363.8958122,42.08686623,
2023-09-25,CAREER,241,Porites compressa,Susceptible,26,6,31,32.5,361.8068122,42.08686623,
2023-09-25,CAREER,241,Porites compressa,Susceptible,27,6,34,35.5,357.7888122,42.08686623,
2023-09-25,CAREER,241,Porites compressa,Susceptible,28,6,38,39.4,363.2728122,42.08686623,
2023-09-25,CAREER,220,Montipora capitata,Resistant,22,7,18,19.5,366.0086617,29.09944896,
2023-09-25,CAREER,220,Montipora capitata,Resistant,23,7,22,23.2,360.9096617,29.09944896,
2023-09-25,CAREER,220,Montipora capitata,Resistant,24,7,25,26.4,363.7216617,29.09944896,
2023-09-25,CAREER,220,Montipora capitata,Resistant,25,7,28,29.4,358.7696617,29.09944896,
2023-09-25,CAREER,220,Montipora capitata,Resistant,26,7,31,32.5,369.2436617,29.09944896,
2023-09-25,CAREER,220,Montipora capitata,Resistant,27,7,34,35.5,367.3126617,29.09944896,
2023-09-25,CAREER,220,Montipora capitata,Resistant,28,7,38,39.4,366.3186617,29.09944896,
2023-09-25,CAREER,236,Porites compressa,Resistant,22,8,18,19.5,367.6688188,34.10861317,
2023-09-25,CAREER,236,Porites compressa,Resistant,23,8,22,23.2,367.9048188,34.10861317,
2023-09-25,CAREER,236,Porites compressa,Resistant,24,8,25,26.4,366.9918188,34.10861317,
2023-09-25,CAREER,236,Porites compressa,Resistant,25,8,28,29.4,368.5078188,34.10861317,
2023-09-25,CAREER,236,Porites compressa,Resistant,26,8,31,32.5,367.7308188,34.10861317,
2023-09-25,CAREER,236,Porites compressa,Resistant,27,8,34,35.5,355.6628188,34.10861317,
2023-09-25,CAREER,236,Porites compressa,Resistant,28,8,38,39.4,363.8778188,34.10861317,
2023-09-25,CAREER,219,Montipora capitata,Susceptible,22,9,18,19.5,382.962746,24.32705079,
2023-09-25,CAREER,219,Montipora capitata,Susceptible,23,9,22,23.2,378.739746,24.32705079,
2023-09-25,CAREER,219,Montipora capitata,Susceptible,24,9,25,26.4,379.248746,24.32705079,
2023-09-25,CAREER,219,Montipora capitata,Susceptible,25,9,28,29.4,376.331746,24.32705079,
2023-09-25,CAREER,219,Montipora capitata,Susceptible,26,9,31,32.5,373.846746,24.32705079,
2023-09-25,CAREER,219,Montipora capitata,Susceptible,27,9,34,35.5,362.610746,24.32705079,
2023-09-25,CAREER,219,Montipora capitata,Susceptible,28,9,38,39.4,381.535746,24.32705079,
2023-09-25,CAREER,28,Porites compressa,Susceptible,22,10,18,19.5,373.4552396,22.63071488,
2023-09-25,CAREER,28,Porites compressa,Susceptible,23,10,22,23.2,372.6072396,22.63071488,
2023-09-25,CAREER,28,Porites compressa,Susceptible,24,10,25,26.4,378.6322396,22.63071488,
2023-09-25,CAREER,28,Porites compressa,Susceptible,25,10,28,29.4,379.4652396,22.63071488,
2023-09-25,CAREER,28,Porites compressa,Susceptible,26,10,31,32.5,378.3522396,22.63071488,
2023-09-25,CAREER,28,Porites compressa,Susceptible,27,10,34,35.5,368.3272396,22.63071488,
2023-09-25,CAREER,28,Porites compressa,Susceptible,28,10,38,39.4,371.8582396,22.63071488,
2023-09-26,CAREER,20,Montipora capitata,Resistant,29,1,18,19.5,351.2221071,39.85123762,
2023-09-26,CAREER,20,Montipora capitata,Resistant,30,1,22,23.2,363.9851071,39.85123762,
2023-09-26,CAREER,20,Montipora capitata,Resistant,31,1,25,26.4,360.6201071,39.85123762,
2023-09-26,CAREER,20,Montipora capitata,Resistant,32,1,28,29.4,354.2081071,39.85123762,
2023-09-26,CAREER,20,Montipora capitata,Resistant,33,1,31,32.5,365.8091071,39.85123762,
2023-09-26,CAREER,20,Montipora capitata,Resistant,34,1,34,35.5,366.2481071,39.85123762,
2023-09-26,CAREER,20,Montipora capitata,Resistant,35,1,38,39.4,367.7251071,39.85123762,
2023-09-26,CAREER,248,Porites compressa,Resistant,29,2,18,19.5,355.6965486,31.00497364,
2023-09-26,CAREER,248,Porites compressa,Resistant,30,2,22,23.2,355.6235486,31.00497364,
2023-09-26,CAREER,248,Porites compressa,Resistant,31,2,25,26.4,356.3145486,31.00497364,
2023-09-26,CAREER,248,Porites compressa,Resistant,32,2,28,29.4,356.7285486,31.00497364,
2023-09-26,CAREER,248,Porites compressa,Resistant,33,2,31,32.5,360.3465486,31.00497364,
2023-09-26,CAREER,248,Porites compressa,Resistant,34,2,34,35.5,359.9065486,31.00497364,
2023-09-26,CAREER,248,Porites compressa,Resistant,35,2,38,39.4,359.1285486,31.00497364,
2023-09-26,CAREER,210,Montipora capitata,Resistant,29,3,18,19.5,363.7863864,33.90963554,
2023-09-26,CAREER,210,Montipora capitata,Resistant,30,3,22,23.2,369.4043864,33.90963554,
2023-09-26,CAREER,210,Montipora capitata,Resistant,31,3,25,26.4,367.9163864,33.90963554,
2023-09-26,CAREER,210,Montipora capitata,Resistant,32,3,28,29.4,366.8043864,33.90963554,
2023-09-26,CAREER,210,Montipora capitata,Resistant,33,3,31,32.5,362.6813864,33.90963554,
2023-09-26,CAREER,210,Montipora capitata,Resistant,34,3,34,35.5,365.1263864,33.90963554,
2023-09-26,CAREER,210,Montipora capitata,Resistant,35,3,38,39.4,362.2883864,33.90963554,
2023-09-26,CAREER,239,Porites compressa,Susceptible,29,4,18,19.5,377.9133959,27.37318945,
2023-09-26,CAREER,239,Porites compressa,Susceptible,30,4,22,23.2,387.9793959,27.37318945,
2023-09-26,CAREER,239,Porites compressa,Susceptible,31,4,25,26.4,380.7063959,27.37318945,
2023-09-26,CAREER,239,Porites compressa,Susceptible,32,4,28,29.4,381.3193959,27.37318945,
2023-09-26,CAREER,239,Porites compressa,Susceptible,33,4,31,32.5,389.8773959,27.37318945,
2023-09-26,CAREER,239,Porites compressa,Susceptible,34,4,34,35.5,378.6453959,27.37318945,
2023-09-26,CAREER,239,Porites compressa,Susceptible,35,4,38,39.4,384.3763959,27.37318945,
2023-09-26,CAREER,1,Montipora capitata,Susceptible,29,5,18,19.5,376.5701982,27.36268889,
2023-09-26,CAREER,1,Montipora capitata,Susceptible,30,5,22,23.2,376.4171982,27.36268889,
2023-09-26,CAREER,1,Montipora capitata,Susceptible,31,5,25,26.4,373.1621982,27.36268889,
2023-09-26,CAREER,1,Montipora capitata,Susceptible,32,5,28,29.4,377.2711982,27.36268889,
2023-09-26,CAREER,1,Montipora capitata,Susceptible,33,5,31,32.5,375.4351982,27.36268889,
2023-09-26,CAREER,1,Montipora capitata,Susceptible,34,5,34,35.5,383.6921982,27.36268889,
2023-09-26,CAREER,1,Montipora capitata,Susceptible,35,5,38,39.4,378.1511982,27.36268889,
2023-09-26,CAREER,244,Porites compressa,Resistant,29,6,18,19.5,369.9579776,27.51067279,
2023-09-26,CAREER,244,Porites compressa,Resistant,30,6,22,23.2,371.5279776,27.51067279,
2023-09-26,CAREER,244,Porites compressa,Resistant,31,6,25,26.4,379.2399776,27.51067279,
2023-09-26,CAREER,244,Porites compressa,Resistant,32,6,28,29.4,375.4749776,27.51067279,
2023-09-26,CAREER,244,Porites compressa,Resistant,33,6,31,32.5,379.2989776,27.51067279,
2023-09-26,CAREER,244,Porites compressa,Resistant,34,6,34,35.5,377.5549776,27.51067279,
2023-09-26,CAREER,244,Porites compressa,Resistant,35,6,38,39.4,367.5319776,27.51067279,
2023-09-26,CAREER,213,Montipora capitata,Susceptible,29,7,18,19.5,369.0603117,23.4166291,
2023-09-26,CAREER,213,Montipora capitata,Susceptible,30,7,22,23.2,376.1043117,23.4166291,
2023-09-26,CAREER,213,Montipora capitata,Susceptible,31,7,25,26.4,372.0563117,23.4166291,
2023-09-26,CAREER,213,Montipora capitata,Susceptible,32,7,28,29.4,371.2843117,23.4166291,
2023-09-26,CAREER,213,Montipora capitata,Susceptible,33,7,31,32.5,372.9493117,23.4166291,
2023-09-26,CAREER,213,Montipora capitata,Susceptible,34,7,34,35.5,371.8363117,23.4166291,
2023-09-26,CAREER,213,Montipora capitata,Susceptible,35,7,38,39.4,368.6743117,23.4166291,
2023-09-26,CAREER,44,Porites compressa,Resistant,29,8,18,19.5,379.8402422,20.1815008,
2023-09-26,CAREER,44,Porites compressa,Resistant,30,8,22,23.2,374.7512422,20.1815008,
2023-09-26,CAREER,44,Porites compressa,Resistant,31,8,25,26.4,196.4282422,20.1815008,
2023-09-26,CAREER,44,Porites compressa,Resistant,32,8,28,29.4,378.0342422,20.1815008,
2023-09-26,CAREER,44,Porites compressa,Resistant,33,8,31,32.5,378.7232422,20.1815008,
2023-09-26,CAREER,44,Porites compressa,Resistant,34,8,34,35.5,376.7252422,20.1815008,
2023-09-26,CAREER,44,Porites compressa,Resistant,35,8,38,39.4,376.3762422,20.1815008,
2023-09-26,CAREER,4,Montipora capitata,Resistant,29,9,18,19.5,373.7352182,34.32105444,
2023-09-26,CAREER,4,Montipora capitata,Resistant,30,9,22,23.2,370.8222182,34.32105444,
2023-09-26,CAREER,4,Montipora capitata,Resistant,31,9,25,26.4,374.0182182,34.32105444,
2023-09-26,CAREER,4,Montipora capitata,Resistant,32,9,28,29.4,375.6182182,34.32105444,
2023-09-26,CAREER,4,Montipora capitata,Resistant,33,9,31,32.5,372.1712182,34.32105444,
2023-09-26,CAREER,4,Montipora capitata,Resistant,34,9,34,35.5,375.6322182,34.32105444,
2023-09-26,CAREER,4,Montipora capitata,Resistant,35,9,38,39.4,369.5162182,34.32105444,
2023-09-26,CAREER,blank ,NA,NA,29,10,18,19.5,NA,NA,
2023-09-26,CAREER,blank ,NA,NA,30,10,22,23.2,NA,NA,
2023-09-26,CAREER,blank ,NA,NA,31,10,25,26.4,NA,NA,
2023-09-26,CAREER,blank ,NA,NA,32,10,28,29.4,NA,NA,
2023-09-26,CAREER,blank ,NA,NA,33,10,31,32.5,NA,NA,
2023-09-26,CAREER,blank ,NA,NA,34,10,34,35.5,NA,NA,
2023-09-26,CAREER,blank ,NA,NA,35,10,38,39.4,NA,NA,
2025-10-07,CAREER,202,Montipora capitata,Resistant,1,1,18,18,339.474,20,
2025-10-07,CAREER,202,Montipora capitata,Resistant,2,1,22,21.8,343.731,20,
2025-10-07,CAREER,202,Montipora capitata,Resistant,3,1,25,24.7,337.488,20,
2025-10-07,CAREER,202,Montipora capitata,Resistant,4,1,28,27.8,343.205,20,
2025-10-07,CAREER,202,Montipora capitata,Resistant,5,1,31,31.3,340.122,20,
2025-10-07,CAREER,202,Montipora capitata,Resistant,6,1,34,34.4,342.26,20,
2025-10-07,CAREER,202,Montipora capitata,Resistant,7,1,38,37.3,343.777,20,
2025-10-07,CAREER,240,Porites compressa,Resistant,1,2,18,18,335.219,20,
2025-10-07,CAREER,240,Porites compressa,Resistant,2,2,22,21.8,337.323,20,
2025-10-07,CAREER,240,Porites compressa,Resistant,3,2,25,24.7,337.323,20,
2025-10-07,CAREER,240,Porites compressa,Resistant,4,2,28,27.8,333.98,20,
2025-10-07,CAREER,240,Porites compressa,Resistant,5,2,31,31.3,328.552,20,
2025-10-07,CAREER,240,Porites compressa,Resistant,6,2,34,34.4,336.932,20,
2025-10-07,CAREER,240,Porites compressa,Resistant,7,2,38,37.3,338.358,20,
2025-10-07,CAREER,3,Montipora capitata,Susceptible,1,3,18,18,338.008,20,
2025-10-07,CAREER,3,Montipora capitata,Susceptible,2,3,22,21.8,334.787,20,
2025-10-07,CAREER,3,Montipora capitata,Susceptible,3,3,25,24.7,344.039,20,
2025-10-07,CAREER,3,Montipora capitata,Susceptible,4,3,28,27.8,324.53,20,
2025-10-07,CAREER,3,Montipora capitata,Susceptible,5,3,31,31.3,339.903,20,
2025-10-07,CAREER,3,Montipora capitata,Susceptible,6,3,34,34.4,339.429,20,
2025-10-07,CAREER,3,Montipora capitata,Susceptible,7,3,38,37.3,343.012,20,
2025-10-07,CAREER,blank,NA,NA,1,4,18,18,345.887,NA,
2025-10-07,CAREER,blank,NA,NA,2,4,22,21.8,347.468,NA,
2025-10-07,CAREER,blank,NA,NA,3,4,25,24.7,344.977,NA,
2025-10-07,CAREER,blank,NA,NA,4,4,28,27.8,346.036,NA,
2025-10-07,CAREER,blank,NA,NA,5,4,31,31.3,347.882,NA,
2025-10-07,CAREER,blank,NA,NA,6,4,34,34.4,344.836,NA,
2025-10-07,CAREER,blank,NA,NA,7,4,38,37.3,344.041,NA,
2025-10-07,CAREER,243,Porites compressa,Susceptible,1,5,18,18,337.783,20,
2025-10-07,CAREER,243,Porites compressa,Susceptible,2,5,22,21.8,335.526,20,
2025-10-07,CAREER,243,Porites compressa,Susceptible,3,5,25,24.7,337.656,20,
2025-10-07,CAREER,243,Porites compressa,Susceptible,4,5,28,27.8,330.345,20,
2025-10-07,CAREER,243,Porites compressa,Susceptible,5,5,31,31.3,335.615,20,
2025-10-07,CAREER,243,Porites compressa,Susceptible,6,5,34,34.4,333.731,20,
2025-10-07,CAREER,243,Porites compressa,Susceptible,7,5,38,37.3,334.228,20,
2025-10-07,CAREER,2,Montipora capitata,Resistant,1,6,18,18,334.618,20,
2025-10-07,CAREER,2,Montipora capitata,Resistant,2,6,22,21.8,330.424,20,
2025-10-07,CAREER,2,Montipora capitata,Resistant,3,6,25,24.7,330.429,20,
2025-10-07,CAREER,2,Montipora capitata,Resistant,4,6,28,27.8,330.799,20,
2025-10-07,CAREER,2,Montipora capitata,Resistant,5,6,31,31.3,332.726,20,
2025-10-07,CAREER,2,Montipora capitata,Resistant,6,6,34,34.4,331.671,20,
2025-10-07,CAREER,2,Montipora capitata,Resistant,7,6,38,37.3,328.036,20,
2025-10-07,CAREER,44,Porites compressa,Resistant,1,7,18,18,342.44,20,
2025-10-07,CAREER,44,Porites compressa,Resistant,2,7,22,21.8,342.247,20,
2025-10-07,CAREER,44,Porites compressa,Resistant,3,7,25,24.7,343.44,20,
2025-10-07,CAREER,44,Porites compressa,Resistant,4,7,28,27.8,343.593,20,
2025-10-07,CAREER,44,Porites compressa,Resistant,5,7,31,31.3,341.187,20,
2025-10-07,CAREER,44,Porites compressa,Resistant,6,7,34,34.4,339.065,20,
2025-10-07,CAREER,44,Porites compressa,Resistant,7,7,38,37.3,340.442,20,
2025-10-07,CAREER,1,Montipora capitata,Susceptible,1,8,18,18,336.359,20,
2025-10-07,CAREER,1,Montipora capitata,Susceptible,2,8,22,21.8,340.365,20,"Temp probe fell out at beginning of run, put back in at 10:12"
2025-10-07,CAREER,1,Montipora capitata,Susceptible,3,8,25,24.7,341.694,20,
2025-10-07,CAREER,1,Montipora capitata,Susceptible,4,8,28,27.8,340.503,20,
2025-10-07,CAREER,1,Montipora capitata,Susceptible,5,8,31,31.3,337.212,20,
2025-10-07,CAREER,1,Montipora capitata,Susceptible,6,8,34,34.4,328.1,20,
2025-10-07,CAREER,1,Montipora capitata,Susceptible,7,8,38,37.3,335.66,20,
2025-10-07,CAREER,27,Porites compressa,Resistant,1,9,18,18,333.244,20,
2025-10-07,CAREER,27,Porites compressa,Resistant,2,9,22,21.8,330.926,20,
2025-10-07,CAREER,27,Porites compressa,Resistant,3,9,25,24.7,330.731,20,
2025-10-07,CAREER,27,Porites compressa,Resistant,4,9,28,27.8,338.753,20,
2025-10-07,CAREER,27,Porites compressa,Resistant,5,9,31,31.3,324.793,20,
2025-10-07,CAREER,27,Porites compressa,Resistant,6,9,34,34.4,329.132,20,
2025-10-07,CAREER,27,Porites compressa,Resistant,7,9,38,37.3,330.591,20,
2025-10-07,CAREER,12,Montipora capitata,Resistant,1,10,18,18,339.423,20,
2025-10-07,CAREER,12,Montipora capitata,Resistant,2,10,22,21.8,340.89,20,"Temp probe fell out at beginning of run, put back in at 10:12"
2025-10-07,CAREER,12,Montipora capitata,Resistant,3,10,25,24.7,340.545,20,
2025-10-07,CAREER,12,Montipora capitata,Resistant,4,10,28,27.8,341.25,20,
2025-10-07,CAREER,12,Montipora capitata,Resistant,5,10,31,31.3,342.054,20,
2025-10-07,CAREER,12,Montipora capitata,Resistant,6,10,34,34.4,329.132,20,
2025-10-07,CAREER,12,Montipora capitata,Resistant,7,10,38,37.3,328.14,20,
2025-10-08,CAREER,blank,NA,NA,8,1,18,18.3,342.626,NA,
2025-10-08,CAREER,blank,NA,NA,9,1,22,21.3,349.152,NA,
2025-10-08,CAREER,blank,NA,NA,10,1,25,24.7,346.103,NA,
2025-10-08,CAREER,blank,NA,NA,11,1,28,28.4,344.395,NA,
2025-10-08,CAREER,blank,NA,NA,12,1,31,31.9,338.579,NA,
2025-10-08,CAREER,blank,NA,NA,13,1,34,34.5,345.559,NA,
2025-10-08,CAREER,blank,NA,NA,14,1,38,37.6,330.289,NA,
2025-10-08,CAREER,233,Porites compressa,Susceptible,8,2,18,18.3,343.911,20,
2025-10-08,CAREER,233,Porites compressa,Susceptible,9,2,22,21.3,335.621,20,
2025-10-08,CAREER,233,Porites compressa,Susceptible,10,2,25,24.7,339.475,20,
2025-10-08,CAREER,233,Porites compressa,Susceptible,11,2,28,28.4,339.568,20,
2025-10-08,CAREER,233,Porites compressa,Susceptible,12,2,31,31.9,335.835,20,
2025-10-08,CAREER,233,Porites compressa,Susceptible,13,2,34,34.5,339.558,20,
2025-10-08,CAREER,233,Porites compressa,Susceptible,14,2,38,37.6,340.352,20,
2025-10-08,CAREER,4,Montipora capitata,Resistant,8,3,18,18.3,334.329,20,
2025-10-08,CAREER,4,Montipora capitata,Resistant,9,3,22,21.3,337.312,20,
2025-10-08,CAREER,4,Montipora capitata,Resistant,10,3,25,24.7,336.075,20,
2025-10-08,CAREER,4,Montipora capitata,Resistant,11,3,28,28.4,329.602,20,
2025-10-08,CAREER,4,Montipora capitata,Resistant,12,3,31,31.9,334.16,20,
2025-10-08,CAREER,4,Montipora capitata,Resistant,13,3,34,34.5,335.354,20,
2025-10-08,CAREER,4,Montipora capitata,Resistant,14,3,38,37.6,331.32,20,
2025-10-08,CAREER,226,Porites compressa,Resistant,8,4,18,18.3,345.455,20,
2025-10-08,CAREER,226,Porites compressa,Resistant,9,4,22,21.3,345.954,20,
2025-10-08,CAREER,226,Porites compressa,Resistant,10,4,25,24.7,342.62,20,
2025-10-08,CAREER,226,Porites compressa,Resistant,11,4,28,28.4,342.375,20,
2025-10-08,CAREER,226,Porites compressa,Resistant,12,4,31,31.9,343.097,20,
2025-10-08,CAREER,226,Porites compressa,Resistant,13,4,34,34.5,342.955,20,
2025-10-08,CAREER,226,Porites compressa,Resistant,14,4,38,37.6,348.161,20,
2025-10-08,CAREER,204,Montipora capitata,Resistant,8,5,18,18.3,335.91,20,
2025-10-08,CAREER,204,Montipora capitata,Resistant,9,5,22,21.3,331.296,20,
2025-10-08,CAREER,204,Montipora capitata,Resistant,10,5,25,24.7,331.415,20,
2025-10-08,CAREER,204,Montipora capitata,Resistant,11,5,28,28.4,330.61,20,
2025-10-08,CAREER,204,Montipora capitata,Resistant,12,5,31,31.9,328.614,20,
2025-10-08,CAREER,204,Montipora capitata,Resistant,13,5,34,34.5,318.296,20,
2025-10-08,CAREER,204,Montipora capitata,Resistant,14,5,38,37.6,326.495,20,
2025-10-08,CAREER,237,Porites compressa,Susceptible,8,6,18,18.3,333.616,20,
2025-10-08,CAREER,237,Porites compressa,Susceptible,9,6,22,21.3,330.085,20,
2025-10-08,CAREER,237,Porites compressa,Susceptible,10,6,25,24.7,331.711,20,
2025-10-08,CAREER,237,Porites compressa,Susceptible,11,6,28,28.4,330.525,20,
2025-10-08,CAREER,237,Porites compressa,Susceptible,12,6,31,31.9,328.747,20,
2025-10-08,CAREER,237,Porites compressa,Susceptible,13,6,34,34.5,333.488,20,
2025-10-08,CAREER,237,Porites compressa,Susceptible,14,6,38,37.6,336.366,20,
2025-10-08,CAREER,201,Montipora capitata,Susceptible,8,7,18,18.3,341.507,20,
2025-10-08,CAREER,201,Montipora capitata,Susceptible,9,7,22,21.3,344.295,20,
2025-10-08,CAREER,201,Montipora capitata,Susceptible,10,7,25,24.7,344.202,20,
2025-10-08,CAREER,201,Montipora capitata,Susceptible,11,7,28,28.4,342.718,20,
2025-10-08,CAREER,201,Montipora capitata,Susceptible,12,7,31,31.9,340.152,20,
2025-10-08,CAREER,201,Montipora capitata,Susceptible,13,7,34,34.5,342.222,20,
2025-10-08,CAREER,201,Montipora capitata,Susceptible,14,7,38,37.6,333.948,20,
2025-10-08,CAREER,236,Porites compressa,Resistant,8,8,18,18.3,338.161,20,
2025-10-08,CAREER,236,Porites compressa,Resistant,9,8,22,21.3,339.819,20,
2025-10-08,CAREER,236,Porites compressa,Resistant,10,8,25,24.7,336.716,20,
2025-10-08,CAREER,236,Porites compressa,Resistant,11,8,28,28.4,338.902,20,
2025-10-08,CAREER,236,Porites compressa,Resistant,12,8,31,31.9,339.264,20,
2025-10-08,CAREER,236,Porites compressa,Resistant,13,8,34,34.5,337.255,20,
2025-10-08,CAREER,236,Porites compressa,Resistant,14,8,38,37.6,338.27,20,
2025-10-08,CAREER,211,Montipora capitata,Susceptible,8,9,18,18.3,340.15,20,
2025-10-08,CAREER,211,Montipora capitata,Susceptible,9,9,22,21.3,340.458,20,
2025-10-08,CAREER,211,Montipora capitata,Susceptible,10,9,25,24.7,349.803,20,
2025-10-08,CAREER,211,Montipora capitata,Susceptible,11,9,28,28.4,340.14,20,
2025-10-08,CAREER,211,Montipora capitata,Susceptible,12,9,31,31.9,333.223,20,
2025-10-08,CAREER,211,Montipora capitata,Susceptible,13,9,34,34.5,338.492,20,
2025-10-08,CAREER,211,Montipora capitata,Susceptible,14,9,38,37.6,333.848,20,
2025-10-08,CAREER,42,Porites compressa,Resistant,8,10,18,18.3,330.433,20,
2025-10-08,CAREER,42,Porites compressa,Resistant,9,10,22,21.3,335.851,20,
2025-10-08,CAREER,42,Porites compressa,Resistant,10,10,25,24.7,334.432,20,
2025-10-08,CAREER,42,Porites compressa,Resistant,11,10,28,28.4,334.494,20,
2025-10-08,CAREER,42,Porites compressa,Resistant,12,10,31,31.9,332.78,20,
2025-10-08,CAREER,42,Porites compressa,Resistant,13,10,34,34.5,335.052,20,
2025-10-08,CAREER,42,Porites compressa,Resistant,14,10,38,37.6,335.104,20,
2025-10-09,CAREER,210,Montipora capitata,Resistant,15,1,18,18.3,342.981,20,
2025-10-09,CAREER,210,Montipora capitata,Resistant,16,1,22,22,339.73,20,
2025-10-09,CAREER,210,Montipora capitata,Resistant,17,1,25,25.2,338.512,20,
2025-10-09,CAREER,210,Montipora capitata,Resistant,18,1,28,28,339.117,20,
2025-10-09,CAREER,210,Montipora capitata,Resistant,19,1,31,31.3,337.39,20,
2025-10-09,CAREER,210,Montipora capitata,Resistant,20,1,34,34.1,339.471,20,
2025-10-09,CAREER,210,Montipora capitata,Resistant,21,1,38,37.7,342.731,20,
2025-10-09,CAREER,26,Porites compressa,Susceptible,15,2,18,18.3,339.783,20,
2025-10-09,CAREER,26,Porites compressa,Susceptible,16,2,22,22,338.133,20,
2025-10-09,CAREER,26,Porites compressa,Susceptible,17,2,25,25.2,333.075,20,
2025-10-09,CAREER,26,Porites compressa,Susceptible,18,2,28,28,336.661,20,
2025-10-09,CAREER,26,Porites compressa,Susceptible,19,2,31,31.3,331.717,20,
2025-10-09,CAREER,26,Porites compressa,Susceptible,20,2,34,34.1,332.967,20,
2025-10-09,CAREER,26,Porites compressa,Susceptible,21,2,38,37.7,334.042,20,
2025-10-09,CAREER,247,Porites compressa,Susceptible,15,3,18,18.3,337.587,20,
2025-10-09,CAREER,247,Porites compressa,Susceptible,16,3,22,22,336.226,20,
2025-10-09,CAREER,247,Porites compressa,Susceptible,17,3,25,25.2,336.362,20,
2025-10-09,CAREER,247,Porites compressa,Susceptible,18,3,28,28,337.586,20,
2025-10-09,CAREER,247,Porites compressa,Susceptible,19,3,31,31.3,329.737,20,
2025-10-09,CAREER,247,Porites compressa,Susceptible,20,3,34,34.1,330.962,20,
2025-10-09,CAREER,247,Porites compressa,Susceptible,21,3,38,37.7,329.655,20,
2025-10-09,CAREER,19,Montipora capitata,Susceptible,15,4,18,18.3,339.456,20,
2025-10-09,CAREER,19,Montipora capitata,Susceptible,16,4,22,22,339.086,20,
2025-10-09,CAREER,19,Montipora capitata,Susceptible,17,4,25,25.2,338.732,20,
2025-10-09,CAREER,19,Montipora capitata,Susceptible,18,4,28,28,331.223,20,
2025-10-09,CAREER,19,Montipora capitata,Susceptible,19,4,31,31.3,330.858,20,
2025-10-09,CAREER,19,Montipora capitata,Susceptible,20,4,34,34.1,338.353,20,
2025-10-09,CAREER,19,Montipora capitata,Susceptible,21,4,38,37.7,339.687,20,
2025-10-09,CAREER,241,Porites compressa,Susceptible,15,5,18,18.3,334.416,20,
2025-10-09,CAREER,241,Porites compressa,Susceptible,16,5,22,22,333.921,20,
2025-10-09,CAREER,241,Porites compressa,Susceptible,17,5,25,25.2,333.311,20,
2025-10-09,CAREER,241,Porites compressa,Susceptible,18,5,28,28,330.511,20,
2025-10-09,CAREER,241,Porites compressa,Susceptible,19,5,31,31.3,331.236,20,
2025-10-09,CAREER,241,Porites compressa,Susceptible,20,5,34,34.1,331.791,20,
2025-10-09,CAREER,241,Porites compressa,Susceptible,21,5,38,37.7,331.658,20,
2025-10-09,CAREER,209,Montipora capitata,Susceptible,15,6,18,18.3,333.664,20,
2025-10-09,CAREER,209,Montipora capitata,Susceptible,16,6,22,22,333.036,20,
2025-10-09,CAREER,209,Montipora capitata,Susceptible,17,6,25,25.2,334.305,20,
2025-10-09,CAREER,209,Montipora capitata,Susceptible,18,6,28,28,333.995,20,
2025-10-09,CAREER,209,Montipora capitata,Susceptible,19,6,31,31.3,327.319,20,
2025-10-09,CAREER,209,Montipora capitata,Susceptible,20,6,34,34.1,330.232,20,
2025-10-09,CAREER,209,Montipora capitata,Susceptible,21,6,38,37.7,384.734,20,
2025-10-09,CAREER,blank,NA,NA,15,7,18,18.3,344.038,NA,
2025-10-09,CAREER,blank,NA,NA,16,7,22,22,341.161,NA,
2025-10-09,CAREER,blank,NA,NA,17,7,25,25.2,342.502,NA,
2025-10-09,CAREER,blank,NA,NA,18,7,28,28,344.57,NA,
2025-10-09,CAREER,blank,NA,NA,19,7,31,31.3,340.938,NA,
2025-10-09,CAREER,blank,NA,NA,20,7,34,34.1,342.911,NA,
2025-10-09,CAREER,blank,NA,NA,21,7,38,37.7,340.537,NA,
2025-10-09,CAREER,242,Porites compressa,Resistant,15,8,18,18.3,340.274,20,
2025-10-09,CAREER,242,Porites compressa,Resistant,16,8,22,22,340.567,20,
2025-10-09,CAREER,242,Porites compressa,Resistant,17,8,25,25.2,341.032,20,
2025-10-09,CAREER,242,Porites compressa,Resistant,18,8,28,28,341.539,20,
2025-10-09,CAREER,242,Porites compressa,Resistant,19,8,31,31.3,336.651,20,
2025-10-09,CAREER,242,Porites compressa,Resistant,20,8,34,34.1,338.041,20,
2025-10-09,CAREER,242,Porites compressa,Resistant,21,8,38,37.7,334.086,20,
2025-10-09,CAREER,206,Montipora capitata,Resistant,15,9,18,18.3,336.141,20,
2025-10-09,CAREER,206,Montipora capitata,Resistant,16,9,22,22,336.473,20,
2025-10-09,CAREER,206,Montipora capitata,Resistant,17,9,25,25.2,335.32,20,
2025-10-09,CAREER,206,Montipora capitata,Resistant,18,9,28,28,336.118,20,
2025-10-09,CAREER,206,Montipora capitata,Resistant,19,9,31,31.3,335.857,20,
2025-10-09,CAREER,206,Montipora capitata,Resistant,20,9,34,34.1,334.686,20,Probe too close to coral for first 40 mins of run 
2025-10-09,CAREER,206,Montipora capitata,Resistant,21,9,38,37.7,328.893,20,
2025-10-09,CAREER,41,Porites compressa,Susceptible,15,10,18,18.3,341.944,20,
2025-10-09,CAREER,41,Porites compressa,Susceptible,16,10,22,22,341.887,20,
2025-10-09,CAREER,41,Porites compressa,Susceptible,17,10,25,25.2,337.2176667,20,No chamber vol for this frag at 25C; averaged the other volumes from other temps 
2025-10-09,CAREER,41,Porites compressa,Susceptible,18,10,28,28,339.952,20,
2025-10-09,CAREER,41,Porites compressa,Susceptible,19,10,31,31.3,335.155,20,
2025-10-09,CAREER,41,Porites compressa,Susceptible,20,10,34,34.1,332.668,20,
2025-10-09,CAREER,41,Porites compressa,Susceptible,21,10,38,37.7,331.7,20,
2025-10-10,CAREER,213,Montipora capitata,Susceptible,22,1,18,18.5,336.184,20,
2025-10-10,CAREER,213,Montipora capitata,Susceptible,23,1,22,22,346.003,20,
2025-10-10,CAREER,213,Montipora capitata,Susceptible,24,1,25,25,345.53,20,
2025-10-10,CAREER,213,Montipora capitata,Susceptible,25,1,28,28,322.9,20,
2025-10-10,CAREER,213,Montipora capitata,Susceptible,26,1,31,31.3,345.831,20,
2025-10-10,CAREER,213,Montipora capitata,Susceptible,27,1,34,34.4,343.921,20,
2025-10-10,CAREER,213,Montipora capitata,Susceptible,28,1,38,37.5,344.737,20,
2025-10-10,CAREER,248,Porites compressa,Resistant,22,2,18,18.5,336.895,20,
2025-10-10,CAREER,248,Porites compressa,Resistant,23,2,22,22,332.522,20,
2025-10-10,CAREER,248,Porites compressa,Resistant,24,2,25,25,335.416,20,
2025-10-10,CAREER,248,Porites compressa,Resistant,25,2,28,28,336.941,20,
2025-10-10,CAREER,248,Porites compressa,Resistant,26,2,31,31.3,332.959,20,
2025-10-10,CAREER,248,Porites compressa,Resistant,27,2,34,34.4,340.495,20,
2025-10-10,CAREER,248,Porites compressa,Resistant,28,2,38,37.5,336.164,20,
2025-10-10,CAREER,214,Montipora capitata,Resistant,22,3,18,18.5,339.801,20,
2025-10-10,CAREER,214,Montipora capitata,Resistant,23,3,22,22,339.476,20,
2025-10-10,CAREER,214,Montipora capitata,Resistant,24,3,25,25,339.933,20,
2025-10-10,CAREER,214,Montipora capitata,Resistant,25,3,28,28,340.184,20,
2025-10-10,CAREER,214,Montipora capitata,Resistant,26,3,31,31.3,339.5,20,
2025-10-10,CAREER,214,Montipora capitata,Resistant,27,3,34,34.4,340.184,20,
2025-10-10,CAREER,214,Montipora capitata,Resistant,28,3,38,37.5,339.245,20,
2025-10-10,CAREER,239,Porites compressa,Susceptible,22,4,18,18.5,343.947,20,
2025-10-10,CAREER,239,Porites compressa,Susceptible,23,4,22,22,343.201,20,
2025-10-10,CAREER,239,Porites compressa,Susceptible,24,4,25,25,342.249,20,
2025-10-10,CAREER,239,Porites compressa,Susceptible,25,4,28,28,342.538,20,
2025-10-10,CAREER,239,Porites compressa,Susceptible,26,4,31,31.3,337.479,20,
2025-10-10,CAREER,239,Porites compressa,Susceptible,27,4,34,34.4,342.148,20,
2025-10-10,CAREER,239,Porites compressa,Susceptible,28,4,38,37.5,342.148,20,
2025-10-10,CAREER,43,Porites compressa,Susceptible,22,5,18,18.5,336.43,20,
2025-10-10,CAREER,43,Porites compressa,Susceptible,23,5,22,22,335.956,20,
2025-10-10,CAREER,43,Porites compressa,Susceptible,24,5,25,25,335.176,20,
2025-10-10,CAREER,43,Porites compressa,Susceptible,25,5,28,28,331.846,20,
2025-10-10,CAREER,43,Porites compressa,Susceptible,26,5,31,31.3,331.19,20,
2025-10-10,CAREER,43,Porites compressa,Susceptible,27,5,34,34.4,334.971,20,
2025-10-10,CAREER,43,Porites compressa,Susceptible,28,5,38,37.5,333.441,20,
2025-10-10,CAREER,205,Montipora capitata,Susceptible,22,6,18,18.5,328.746,20,
2025-10-10,CAREER,205,Montipora capitata,Susceptible,23,6,22,22,328.683,20,
2025-10-10,CAREER,205,Montipora capitata,Susceptible,24,6,25,25,324.365,20,
2025-10-10,CAREER,205,Montipora capitata,Susceptible,25,6,28,28,327.218,20,
2025-10-10,CAREER,205,Montipora capitata,Susceptible,26,6,31,31.3,325.505,20,
2025-10-10,CAREER,205,Montipora capitata,Susceptible,27,6,34,34.4,326.593,20,
2025-10-10,CAREER,205,Montipora capitata,Susceptible,28,6,38,37.5,324.824,20,
2025-10-10,CAREER,244,Porites compressa,Resistant,22,7,18,18.5,335.519,20,
2025-10-10,CAREER,244,Porites compressa,Resistant,23,7,22,22,334.651,20,
2025-10-10,CAREER,244,Porites compressa,Resistant,24,7,25,25,336.776,20,
2025-10-10,CAREER,244,Porites compressa,Resistant,25,7,28,28,334.479,20,
2025-10-10,CAREER,244,Porites compressa,Resistant,26,7,31,31.3,335.155,20,
2025-10-10,CAREER,244,Porites compressa,Resistant,27,7,34,34.4,335.635,20,
2025-10-10,CAREER,244,Porites compressa,Resistant,28,7,38,37.5,333.517,20,
2025-10-10,CAREER,221,Montipora capitata,Susceptible,22,8,18,18.5,340.559,20,
2025-10-10,CAREER,221,Montipora capitata,Susceptible,23,8,22,22,335.731,20,
2025-10-10,CAREER,221,Montipora capitata,Susceptible,24,8,25,25,336.724,20,
2025-10-10,CAREER,221,Montipora capitata,Susceptible,25,8,28,28,335.774,20,
2025-10-10,CAREER,221,Montipora capitata,Susceptible,26,8,31,31.3,339.891,20,
2025-10-10,CAREER,221,Montipora capitata,Susceptible,27,8,34,34.4,337.123,20,
2025-10-10,CAREER,221,Montipora capitata,Susceptible,28,8,38,37.5,337.16,20,
2025-10-10,CAREER,28,Porites compressa,Susceptible,22,9,18,18.5,316.134,20,
2025-10-10,CAREER,28,Porites compressa,Susceptible,23,9,22,22,338.686,20,
2025-10-10,CAREER,28,Porites compressa,Susceptible,24,9,25,25,332.603,20,
2025-10-10,CAREER,28,Porites compressa,Susceptible,25,9,28,28,330.141,20,
2025-10-10,CAREER,28,Porites compressa,Susceptible,26,9,31,31.3,333.262,20,
2025-10-10,CAREER,28,Porites compressa,Susceptible,27,9,34,34.4,336.231,20,
2025-10-10,CAREER,28,Porites compressa,Susceptible,28,9,38,37.5,334.241,20,
2025-10-10,CAREER,blank,NA,NA,22,10,18,18.5,345.348,NA,
2025-10-10,CAREER,blank,NA,NA,23,10,22,22,340.277,NA,
2025-10-10,CAREER,blank,NA,NA,24,10,25,25,340.373,NA,
2025-10-10,CAREER,blank,NA,NA,25,10,28,28,338.467,NA,
2025-10-10,CAREER,blank,NA,NA,26,10,31,31.3,341.059,NA,
2025-10-10,CAREER,blank,NA,NA,27,10,34,34.4,346.148,NA,
2025-10-10,CAREER,blank,NA,NA,28,10,38,37.5,341.059,NA,
2025-10-11,CAREER,238,Porites compressa,Resistant,29,1,18,18.4,343.4395,20,"no vol for 238 18C, averaged vols from other temps"
2025-10-11,CAREER,238,Porites compressa,Resistant,30,1,22,21.7,343.722,20,
2025-10-11,CAREER,238,Porites compressa,Resistant,31,1,25,25.1,342.812,20,
2025-10-11,CAREER,238,Porites compressa,Resistant,32,1,28,28.1,345.006,20,
2025-10-11,CAREER,238,Porites compressa,Resistant,33,1,31,31.3,342.436,20,
2025-10-11,CAREER,238,Porites compressa,Resistant,34,1,34,34.6,343.401,20,
2025-10-11,CAREER,238,Porites compressa,Resistant,35,1,38,38.1,343.26,20,
2025-10-11,CAREER,235,Porites compressa,Susceptible,29,2,18,18.4,339.304,20,
2025-10-11,CAREER,235,Porites compressa,Susceptible,30,2,22,21.7,339.773,20,
2025-10-11,CAREER,235,Porites compressa,Susceptible,31,2,25,25.1,339.842,20,
2025-10-11,CAREER,235,Porites compressa,Susceptible,32,2,28,28.1,336.316,20,
2025-10-11,CAREER,235,Porites compressa,Susceptible,33,2,31,31.3,338.24,20,
2025-10-11,CAREER,235,Porites compressa,Susceptible,34,2,34,34.6,334.402,20,
2025-10-11,CAREER,235,Porites compressa,Susceptible,35,2,38,38.1,338.283,20,
2025-10-11,CAREER,203,Montipora capitata,Susceptible,29,3,18,18.4,331.843,20,
2025-10-11,CAREER,203,Montipora capitata,Susceptible,30,3,22,21.7,332.484,20,
2025-10-11,CAREER,203,Montipora capitata,Susceptible,31,3,25,25.1,333.899,20,
2025-10-11,CAREER,203,Montipora capitata,Susceptible,32,3,28,28.1,335.337,20,
2025-10-11,CAREER,203,Montipora capitata,Susceptible,33,3,31,31.3,331.415,20,
2025-10-11,CAREER,203,Montipora capitata,Susceptible,34,3,34,34.6,329.973,20,
2025-10-11,CAREER,203,Montipora capitata,Susceptible,35,3,38,38.1,330.512,20,
2025-10-11,CAREER,225,Porites compressa,Susceptible,29,4,18,18.4,344.188,20,
2025-10-11,CAREER,225,Porites compressa,Susceptible,30,4,22,21.7,341.107,20,
2025-10-11,CAREER,225,Porites compressa,Susceptible,31,4,25,25.1,344.048,20,
2025-10-11,CAREER,225,Porites compressa,Susceptible,32,4,28,28.1,344.646,20,
2025-10-11,CAREER,225,Porites compressa,Susceptible,33,4,31,31.3,343.138,20,
2025-10-11,CAREER,225,Porites compressa,Susceptible,34,4,34,34.6,341.91,20,
2025-10-11,CAREER,225,Porites compressa,Susceptible,35,4,38,38.1,335.825,20,
2025-10-11,CAREER,blank,NA,NA,29,5,18,18.4,338.953,NA,
2025-10-11,CAREER,blank,NA,NA,30,5,22,21.7,340.016,NA,
2025-10-11,CAREER,blank,NA,NA,31,5,25,25.1,339.426,NA,
2025-10-11,CAREER,blank,NA,NA,32,5,28,28.1,337.426,NA,
2025-10-11,CAREER,blank,NA,NA,33,5,31,31.3,336.461,NA,
2025-10-11,CAREER,blank,NA,NA,34,5,34,34.6,335.125,NA,
2025-10-11,CAREER,blank,NA,NA,35,5,38,38.1,329.57,NA,
2025-10-11,CAREER,234,Porites compressa,Resistant,29,6,18,18.4,221.058,20,
2025-10-11,CAREER,234,Porites compressa,Resistant,30,6,22,21.7,332.461,20,
2025-10-11,CAREER,234,Porites compressa,Resistant,31,6,25,25.1,328.939,20,
2025-10-11,CAREER,234,Porites compressa,Resistant,32,6,28,28.1,329.362,20,
2025-10-11,CAREER,234,Porites compressa,Resistant,33,6,31,31.3,327.505,20,
2025-10-11,CAREER,234,Porites compressa,Resistant,34,6,34,34.6,324.402,20,
2025-10-11,CAREER,234,Porites compressa,Resistant,35,6,38,38.1,321.246,20,
2025-10-11,CAREER,20,Montipora capitata,Resistant,29,7,18,18.4,335.623,20,
2025-10-11,CAREER,20,Montipora capitata,Resistant,30,7,22,21.7,334.475,20,
2025-10-11,CAREER,20,Montipora capitata,Resistant,31,7,25,25.1,336.214,20,
2025-10-11,CAREER,20,Montipora capitata,Resistant,32,7,28,28.1,337.272,20,
2025-10-11,CAREER,20,Montipora capitata,Resistant,33,7,31,31.3,333.851,20,
2025-10-11,CAREER,20,Montipora capitata,Resistant,34,7,34,34.6,332.694,20,
2025-10-11,CAREER,20,Montipora capitata,Resistant,35,7,38,38.1,328.995,20,
2025-10-11,CAREER,29,Porites compressa,Resistant,29,8,18,18.4,337.838,20,
2025-10-11,CAREER,29,Porites compressa,Resistant,30,8,22,21.7,337.032,20,
2025-10-11,CAREER,29,Porites compressa,Resistant,31,8,25,25.1,337.323,20,
2025-10-11,CAREER,29,Porites compressa,Resistant,32,8,28,28.1,339.497,20,
2025-10-11,CAREER,29,Porites compressa,Resistant,33,8,31,31.3,335.774,20,
2025-10-11,CAREER,29,Porites compressa,Resistant,34,8,34,34.6,335.672,20,
2025-10-11,CAREER,29,Porites compressa,Resistant,35,8,38,38.1,327.107,20,