ColonyID,Species,Bleach,Date,Score,Phenotype,Mortality
3,Montipora capitata,Bleach,2015-10-29,5,,
4,Montipora capitata,Non-bleach,2015-10-29,1,,
11,Montipora capitata,Bleach,2015-10-29,5,,
12,Montipora capitata,Non-bleach,2015-10-29,1,,
19,Montipora capitata,Bleach,2015-10-29,5,,
20,Montipora capitata,Non-bleach,2015-10-29,1,,
26,Porites compressa,Non-bleach,2015-10-29,1,,
27,Porites compressa,Bleach,2015-10-29,5,,
35,Porites compressa,Bleach,2015-10-29,5,,
36,Porites compressa,Non-bleach,2015-10-29,1,,
41,Porites compressa,Bleach,2015-10-29,5,,
42,Porites compressa,Non-bleach,2015-10-29,1,,
43,Porites compressa,Bleach,2015-10-29,5,,
44,Porites compressa,Non-bleach,2015-10-29,1,,
45,Porites compressa,Bleach,2015-10-29,5,,
46,Porites compressa,Non-bleach,2015-10-29,1,,
201,Montipora capitata,Bleach,2015-10-29,5,,
202,Montipora capitata,Non-bleach,2015-10-29,1,,
203,Montipora capitata,Bleach,2015-10-29,5,,
204,Montipora capitata,Non-bleach,2015-10-29,1,,
209,Montipora capitata,Bleach,2015-10-29,4,,
210,Montipora capitata,Non-bleach,2015-10-29,1,,
211,Montipora capitata,Bleach,2015-10-29,5,,
212,Montipora capitata,Non-bleach,2015-10-29,1,,
217,Montipora capitata,Bleach,2015-10-29,4,,
218,Montipora capitata,Non-bleach,2015-10-29,1,,
219,Montipora capitata,Bleach,2015-10-29,4,,
220,Montipora capitata,Non-bleach,2015-10-29,1,,
221,Montipora capitata,Bleach,2015-10-29,4,,
222,Montipora capitata,Non-bleach,2015-10-29,2,,
229,Porites compressa,Bleach,2015-10-29,5,,
230,Porites compressa,Non-bleach,2015-10-29,1,,
237,Porites compressa,Bleach,2015-10-29,4,,
238,Porites compressa,Non-bleach,2015-10-29,1,,
239,Porites compressa,Bleach,2015-10-29,5,,
240,Porites compressa,Non-bleach,2015-10-29,1,,
243,Porites compressa,Bleach,2015-10-29,5,,
244,Porites compressa,Non-bleach,2015-10-29,1,,
247,Porites compressa,Bleach,2015-10-29,5,,
248,Porites compressa,Non-bleach,2015-10-29,1,,
3,Montipora capitata,Bleach,2015-12-14,4,,
4,Montipora capitata,Non-bleach,2015-12-14,1,,
11,Montipora capitata,Bleach,2015-12-14,3,,
12,Montipora capitata,Non-bleach,2015-12-14,1,,
26,Porites compressa,Non-bleach,2015-12-14,2,,
27,Porites compressa,Bleach,2015-12-14,1,,
35,Porites compressa,Bleach,2015-12-14,1,,
36,Porites compressa,Non-bleach,2015-12-14,1,,
41,Porites compressa,Bleach,2015-12-14,1,,
42,Porites compressa,Non-bleach,2015-12-14,1,,
43,Porites compressa,Bleach,2015-12-14,1,,
44,Porites compressa,Non-bleach,2015-12-14,1,,
45,Porites compressa,Bleach,2015-12-14,3,,
46,Porites compressa,Non-bleach,2015-12-14,1,,
201,Montipora capitata,Bleach,2015-12-14,3,,
202,Montipora capitata,Non-bleach,2015-12-14,1,,
203,Montipora capitata,Bleach,2015-12-14,4,,
204,Montipora capitata,Non-bleach,2015-12-14,1,,
209,Montipora capitata,Bleach,2015-12-14,2,,
210,Montipora capitata,Non-bleach,2015-12-14,1,,
211,Montipora capitata,Bleach,2015-12-14,5,,
212,Montipora capitata,Non-bleach,2015-12-14,1,,
219,Montipora capitata,Bleach,2015-12-14,2,,
220,Montipora capitata,Non-bleach,2015-12-14,1,,
221,Montipora capitata,Bleach,2015-12-14,3,,
222,Montipora capitata,Non-bleach,2015-12-14,1,,
229,Porites compressa,Bleach,2015-12-14,1,,
230,Porites compressa,Non-bleach,2015-12-14,1,,
237,Porites compressa,Bleach,2015-12-14,2,,
238,Porites compressa,Non-bleach,2015-12-14,1,,
239,Porites compressa,Bleach,2015-12-14,2,,
240,Porites compressa,Non-bleach,2015-12-14,1,,
243,Porites compressa,Bleach,2015-12-14,3,,
244,Porites compressa,Non-bleach,2015-12-14,1,,
247,Porites compressa,Bleach,2015-12-14,2,,
248,Porites compressa,Non-bleach,2015-12-14,1,,
3,Montipora capitata,Bleach,2016-02-04,3,,
4,Montipora capitata,Non-bleach,2016-02-04,1,,
11,Montipora capitata,Bleach,2016-02-04,2,,
12,Montipora capitata,Non-bleach,2016-02-04,1,,
19,Montipora capitata,Bleach,2016-02-04,3,,
20,Montipora capitata,Non-bleach,2016-02-04,1,,
26,Porites compressa,Non-bleach,2016-02-04,1,,
27,Porites compressa,Bleach,2016-02-04,1,,
35,Porites compressa,Bleach,2016-02-04,1,,
36,Porites compressa,Non-bleach,2016-02-04,1,,
41,Porites compressa,Bleach,2016-02-04,1,,
42,Porites compressa,Non-bleach,2016-02-04,1,,
43,Porites compressa,Bleach,2016-02-04,1,,
44,Porites compressa,Non-bleach,2016-02-04,1,,
45,Porites compressa,Bleach,2016-02-04,3,,
46,Porites compressa,Non-bleach,2016-02-04,1,,
201,Montipora capitata,Bleach,2016-02-04,3,,
202,Montipora capitata,Non-bleach,2016-02-04,1,,
203,Montipora capitata,Bleach,2016-02-04,3,,
204,Montipora capitata,Non-bleach,2016-02-04,1,,
209,Montipora capitata,Bleach,2016-02-04,1,,
210,Montipora capitata,Non-bleach,2016-02-04,1,,
211,Montipora capitata,Bleach,2016-02-04,4,,
212,Montipora capitata,Non-bleach,2016-02-04,1,,
217,Montipora capitata,Bleach,2016-02-04,1,,
218,Montipora capitata,Non-bleach,2016-02-04,1,,
219,Montipora capitata,Bleach,2016-02-04,2,,
220,Montipora capitata,Non-bleach,2016-02-04,1,,
221,Montipora capitata,Bleach,2016-02-04,1,,
222,Montipora capitata,Non-bleach,2016-02-04,1,,
229,Porites compressa,Bleach,2016-02-04,1,,
230,Porites compressa,Non-bleach,2016-02-04,2,,
237,Porites compressa,Bleach,2016-02-04,1,,
238,Porites compressa,Non-bleach,2016-02-04,1,,
239,Porites compressa,Bleach,2016-02-04,2,,
240,Porites compressa,Non-bleach,2016-02-04,1,,
243,Porites compressa,Bleach,2016-02-04,3,,
244,Porites compressa,Non-bleach,2016-02-04,1,,
247,Porites compressa,Bleach,2016-02-04,2,,
248,Porites compressa,Non-bleach,2016-02-04,1,,
3,Montipora capitata,Bleach,2016-03-24,4,,
4,Montipora capitata,Non-bleach,2016-03-24,2,,
11,Montipora capitata,Bleach,2016-03-24,3,,
12,Montipora capitata,Non-bleach,2016-03-24,2,,
19,Montipora capitata,Bleach,2016-03-24,2,,
20,Montipora capitata,Non-bleach,2016-03-24,1,,
26,Porites compressa,Non-bleach,2016-03-24,1,,
27,Porites compressa,Bleach,2016-03-24,1,,
35,Porites compressa,Bleach,2016-03-24,2,,
36,Porites compressa,Non-bleach,2016-03-24,1,,
41,Porites compressa,Bleach,2016-03-24,2,,
42,Porites compressa,Non-bleach,2016-03-24,1,,
43,Porites compressa,Bleach,2016-03-24,1,,
44,Porites compressa,Non-bleach,2016-03-24,1,,
45,Porites compressa,Bleach,2016-03-24,3,,
46,Porites compressa,Non-bleach,2016-03-24,1,,
201,Montipora capitata,Bleach,2016-03-24,2,,
202,Montipora capitata,Non-bleach,2016-03-24,1,,
203,Montipora capitata,Bleach,2016-03-24,3,,
204,Montipora capitata,Non-bleach,2016-03-24,1,,
211,Montipora capitata,Bleach,2016-03-24,3,,
212,Montipora capitata,Non-bleach,2016-03-24,1,,
217,Montipora capitata,Bleach,2016-03-24,1,,
218,Montipora capitata,Non-bleach,2016-03-24,1,,
219,Montipora capitata,Bleach,2016-03-24,2,,
220,Montipora capitata,Non-bleach,2016-03-24,1,,
221,Montipora capitata,Bleach,2016-03-24,2,,
222,Montipora capitata,Non-bleach,2016-03-24,1,,
229,Porites compressa,Bleach,2016-03-24,1,,
230,Porites compressa,Non-bleach,2016-03-24,2,,
237,Porites compressa,Bleach,2016-03-24,2,,
238,Porites compressa,Non-bleach,2016-03-24,2,,
239,Porites compressa,Bleach,2016-03-24,2,,
240,Porites compressa,Non-bleach,2016-03-24,3,,
243,Porites compressa,Bleach,2016-03-24,3,,
244,Porites compressa,Non-bleach,2016-03-24,1,,
247,Porites compressa,Bleach,2016-03-24,2,,
248,Porites compressa,Non-bleach,2016-03-24,2,,
3,Montipora capitata,Bleach,2016-05-31,4,Susceptible,0
4,Montipora capitata,Non-bleach,2016-05-31,1,Resistant,0
11,Montipora capitata,Bleach,2016-05-31,3,Susceptible,0
12,Montipora capitata,Non-bleach,2016-05-31,1,Resistant,20
19,Montipora capitata,Bleach,2016-05-31,2,Susceptible,0
20,Montipora capitata,Non-bleach,2016-05-31,1,Resistant,0
26,Porites compressa,Non-bleach,2016-05-31,2,Resistant,0
27,Porites compressa,Bleach,2016-05-31,1,Susceptible,0
35,Porites compressa,Bleach,2016-05-31,4,Susceptible,0
36,Porites compressa,Non-bleach,2016-05-31,2,Resistant,0
41,Porites compressa,Bleach,2016-05-31,1,Susceptible,0
42,Porites compressa,Non-bleach,2016-05-31,1,Resistant,0
43,Porites compressa,Bleach,2016-05-31,1,Susceptible,40
44,Porites compressa,Non-bleach,2016-05-31,1,Resistant,0
45,Porites compressa,Bleach,2016-05-31,2,Susceptible,80
46,Porites compressa,Non-bleach,2016-05-31,1,Resistant,0
201,Montipora capitata,Bleach,2016-05-31,4,Susceptible,20
202,Montipora capitata,Non-bleach,2016-05-31,1,Resistant,0
203,Montipora capitata,Bleach,2016-05-31,2,Susceptible,40
204,Montipora capitata,Non-bleach,2016-05-31,1,Resistant,0
209,Montipora capitata,Bleach,2016-05-31,2,Susceptible,0
210,Montipora capitata,Non-bleach,2016-05-31,2,Resistant,0
211,Montipora capitata,Bleach,2016-05-31,3,Susceptible,20
212,Montipora capitata,Non-bleach,2016-05-31,1,Resistant,0
219,Montipora capitata,Bleach,2016-05-31,2,Susceptible,20
220,Montipora capitata,Non-bleach,2016-05-31,1,Resistant,0
221,Montipora capitata,Bleach,2016-05-31,1,Susceptible,20
222,Montipora capitata,Non-bleach,2016-05-31,1,Resistant,0
229,Porites compressa,Bleach,2016-05-31,1,Susceptible,0
230,Porites compressa,Non-bleach,2016-05-31,1,Resistant,0
237,Porites compressa,Bleach,2016-05-31,1,Susceptible,0
238,Porites compressa,Non-bleach,2016-05-31,1,Resistant,0
239,Porites compressa,Bleach,2016-05-31,1,Susceptible,0
240,Porites compressa,Non-bleach,2016-05-31,3,Resistant,0
243,Porites compressa,Bleach,2016-05-31,2,Susceptible,60
244,Porites compressa,Non-bleach,2016-05-31,1,Resistant,0
247,Porites compressa,Bleach,2016-05-31,1,Susceptible,40
248,Porites compressa,Non-bleach,2016-05-31,1,Resistant,0
3,Montipora capitata,Bleach,2016-09-20,3,,
4,Montipora capitata,Non-bleach,2016-09-20,1,,
11,Montipora capitata,Bleach,2016-09-20,4,,
12,Montipora capitata,Non-bleach,2016-09-20,1,,
19,Montipora capitata,Bleach,2016-09-20,4,,
20,Montipora capitata,Non-bleach,2016-09-20,1,,
26,Porites compressa,Non-bleach,2016-09-20,1,,
27,Porites compressa,Bleach,2016-09-20,1,,
35,Porites compressa,Bleach,2016-09-20,2,,
36,Porites compressa,Non-bleach,2016-09-20,1,,
41,Porites compressa,Bleach,2016-09-20,1,,
42,Porites compressa,Non-bleach,2016-09-20,1,,
43,Porites compressa,Bleach,2016-09-20,2,,
44,Porites compressa,Non-bleach,2016-09-20,1,,
45,Porites compressa,Bleach,2016-09-20,2,,
46,Porites compressa,Non-bleach,2016-09-20,1,,
201,Montipora capitata,Bleach,2016-09-20,4,,
202,Montipora capitata,Non-bleach,2016-09-20,1,,
203,Montipora capitata,Bleach,2016-09-20,3,,
204,Montipora capitata,Non-bleach,2016-09-20,1,,
209,Montipora capitata,Bleach,2016-09-20,4,,
210,Montipora capitata,Non-bleach,2016-09-20,2,,
211,Montipora capitata,Bleach,2016-09-20,3,,
212,Montipora capitata,Non-bleach,2016-09-20,1,,
219,Montipora capitata,Bleach,2016-09-20,3,,
220,Montipora capitata,Non-bleach,2016-09-20,1,,
221,Montipora capitata,Bleach,2016-09-20,2,,
222,Montipora capitata,Non-bleach,2016-09-20,1,,
229,Porites compressa,Bleach,2016-09-20,1,,
230,Porites compressa,Non-bleach,2016-09-20,1,,
237,Porites compressa,Bleach,2016-09-20,1,,
238,Porites compressa,Non-bleach,2016-09-20,1,,
239,Porites compressa,Bleach,2016-09-20,2,,
240,Porites compressa,Non-bleach,2016-09-20,2,,
243,Porites compressa,Bleach,2016-09-20,2,,
244,Porites compressa,Non-bleach,2016-09-20,1,,
247,Porites compressa,Bleach,2016-09-20,1,,
248,Porites compressa,Non-bleach,2016-09-20,1,,
3,Montipora capitata,Bleach,2017-06-08,2,,
4,Montipora capitata,Non-bleach,2017-06-08,1,,
11,Montipora capitata,Bleach,2017-06-08,2,,
12,Montipora capitata,Non-bleach,2017-06-08,1,,
20,Montipora capitata,Non-bleach,2017-06-08,1,,
41,Porites compressa,Bleach,2017-06-08,1,,
42,Porites compressa,Non-bleach,2017-06-08,1,,
43,Porites compressa,Bleach,2017-06-08,1,,
45,Porites compressa,Bleach,2017-06-08,2,,
46,Porites compressa,Non-bleach,2017-06-08,1,,
201,Montipora capitata,Bleach,2017-06-08,3,,
202,Montipora capitata,Non-bleach,2017-06-08,1,,
203,Montipora capitata,Bleach,2017-06-08,2,,
204,Montipora capitata,Non-bleach,2017-06-08,1,,
211,Montipora capitata,Bleach,2017-06-08,2,,
212,Montipora capitata,Non-bleach,2017-06-08,1,,
219,Montipora capitata,Bleach,2017-06-08,1,,
220,Montipora capitata,Non-bleach,2017-06-08,1,,
221,Montipora capitata,Bleach,2017-06-08,1,,
222,Montipora capitata,Non-bleach,2017-06-08,1,,
229,Porites compressa,Bleach,2017-06-08,1,,
230,Porites compressa,Non-bleach,2017-06-08,1,,
237,Porites compressa,Bleach,2017-06-08,1,,
238,Porites compressa,Non-bleach,2017-06-08,1,,
239,Porites compressa,Bleach,2017-06-08,1,,
240,Porites compressa,Non-bleach,2017-06-08,3,,
243,Porites compressa,Bleach,2017-06-08,1,,
244,Porites compressa,Non-bleach,2017-06-08,1,,
247,Porites compressa,Bleach,2017-06-08,1,,
248,Porites compressa,Non-bleach,2017-06-08,1,,
3,Montipora capitata,Bleach,2017-11-08,2,,
4,Montipora capitata,Non-bleach,2017-11-08,1,,
11,Montipora capitata,Bleach,2017-11-08,3,,
12,Montipora capitata,Non-bleach,2017-11-08,1,,
19,Montipora capitata,Bleach,2017-11-08,1,,
20,Montipora capitata,Non-bleach,2017-11-08,1,,
26,Porites compressa,Non-bleach,2017-11-08,1,,
27,Porites compressa,Bleach,2017-11-08,1,,
35,Porites compressa,Bleach,2017-11-08,1,,
36,Porites compressa,Non-bleach,2017-11-08,1,,
41,Porites compressa,Bleach,2017-11-08,1,,
42,Porites compressa,Non-bleach,2017-11-08,1,,
201,Montipora capitata,Bleach,2017-11-08,3,,
202,Montipora capitata,Non-bleach,2017-11-08,1,,
203,Montipora capitata,Bleach,2017-11-08,2,,
204,Montipora capitata,Non-bleach,2017-11-08,1,,
209,Montipora capitata,Bleach,2017-11-08,1,,
210,Montipora capitata,Non-bleach,2017-11-08,1,,
211,Montipora capitata,Bleach,2017-11-08,2,,
212,Montipora capitata,Non-bleach,2017-11-08,1,,
217,Montipora capitata,Bleach,2017-11-08,1,,
218,Montipora capitata,Non-bleach,2017-11-08,2,,
219,Montipora capitata,Bleach,2017-11-08,1,,
220,Montipora capitata,Non-bleach,2017-11-08,1,,
221,Montipora capitata,Bleach,2017-11-08,1,,
222,Montipora capitata,Non-bleach,2017-11-08,1,,
229,Porites compressa,Bleach,2017-11-08,1,,
230,Porites compressa,Non-bleach,2017-11-08,1,,
237,Porites compressa,Bleach,2017-11-08,1,,
238,Porites compressa,Non-bleach,2017-11-08,1,,
239,Porites compressa,Bleach,2017-11-08,1,,
240,Porites compressa,Non-bleach,2017-11-08,2,,
3,Montipora capitata,Bleach,2019-06-20,4,,
4,Montipora capitata,Non-bleach,2019-06-20,1,,
19,Montipora capitata,Bleach,2019-06-20,2,,
20,Montipora capitata,Non-bleach,2019-06-20,1,,
26,Porites compressa,Non-bleach,2019-06-20,1,,
27,Porites compressa,Bleach,2019-06-20,1,,
41,Porites compressa,Bleach,2019-06-20,1,,
42,Porites compressa,Non-bleach,2019-06-20,1,,
43,Porites compressa,Bleach,2019-06-20,1,,
44,Porites compressa,Non-bleach,2019-06-20,1,,
45,Porites compressa,Bleach,2019-06-20,1,,
46,Porites compressa,Non-bleach,2019-06-20,1,,
201,Montipora capitata,Bleach,2019-06-20,3,,
202,Montipora capitata,Non-bleach,2019-06-20,1,,
203,Montipora capitata,Bleach,2019-06-20,1,,
204,Montipora capitata,Non-bleach,2019-06-20,2,,
211,Montipora capitata,Bleach,2019-06-20,3,,
212,Montipora capitata,Non-bleach,2019-06-20,1,,
221,Montipora capitata,Bleach,2019-06-20,3,,
222,Montipora capitata,Non-bleach,2019-06-20,1,,
229,Porites compressa,Bleach,2019-06-20,1,,
230,Porites compressa,Non-bleach,2019-06-20,1,,
237,Porites compressa,Bleach,2019-06-20,1,,
238,Porites compressa,Non-bleach,2019-06-20,1,,
239,Porites compressa,Bleach,2019-06-20,1,,
240,Porites compressa,Non-bleach,2019-06-20,3,,
243,Porites compressa,Bleach,2019-06-20,2,,
244,Porites compressa,Non-bleach,2019-06-20,1,,
247,Porites compressa,Bleach,2019-06-20,1,,
248,Porites compressa,Non-bleach,2019-06-20,1,,
3,Montipora capitata,Bleach,2019-07-19,2,Susceptible,40
4,Montipora capitata,Non-bleach,2019-07-19,1,Resistant,20
11,Montipora capitata,Bleach,2019-07-19,3,Susceptible,50
12,Montipora capitata,Non-bleach,2019-07-19,2,Resistant,20
19,Montipora capitata,Bleach,2019-07-19,2,Susceptible,0
20,Montipora capitata,Non-bleach,2019-07-19,1,Resistant,0
26,Porites compressa,Non-bleach,2019-07-19,1,Resistant,0
27,Porites compressa,Bleach,2019-07-19,1,Susceptible,5
35,Porites compressa,Bleach,2019-07-19,1,Susceptible,0
36,Porites compressa,Non-bleach,2019-07-19,1,Resistant,0
41,Porites compressa,Bleach,2019-07-19,1,Susceptible,0
42,Porites compressa,Non-bleach,2019-07-19,1,Resistant,0
43,Porites compressa,Bleach,2019-07-19,1,Susceptible,0
44,Porites compressa,Non-bleach,2019-07-19,1,Resistant,0
45,Porites compressa,Bleach,2019-07-19,1,Susceptible,10
46,Porites compressa,Non-bleach,2019-07-19,1,Resistant,0
201,Montipora capitata,Bleach,2019-07-19,2,Susceptible,20
202,Montipora capitata,Non-bleach,2019-07-19,1,Resistant,0
203,Montipora capitata,Bleach,2019-07-19,1,Susceptible,10
204,Montipora capitata,Non-bleach,2019-07-19,1,Resistant,0
209,Montipora capitata,Bleach,2019-07-19,4,Susceptible,0
210,Montipora capitata,Non-bleach,2019-07-19,2,Resistant,0
211,Montipora capitata,Bleach,2019-07-19,3,Susceptible,0
212,Montipora capitata,Non-bleach,2019-07-19,1,Resistant,10
217,Montipora capitata,Bleach,2019-07-19,2,Susceptible,20
218,Montipora capitata,Non-bleach,2019-07-19,1,Resistant,40
219,Montipora capitata,Bleach,2019-07-19,3,Susceptible,20
220,Montipora capitata,Non-bleach,2019-07-19,2,Resistant,20
221,Montipora capitata,Bleach,2019-07-19,2,Susceptible,20
222,Montipora capitata,Non-bleach,2019-07-19,1,Resistant,40
229,Porites compressa,Bleach,2019-07-19,1,Susceptible,0
230,Porites compressa,Non-bleach,2019-07-19,1,Resistant,0
237,Porites compressa,Bleach,2019-07-19,1,Susceptible,0
238,Porites compressa,Non-bleach,2019-07-19,1,Resistant,5
239,Porites compressa,Bleach,2019-07-19,2,Susceptible,0
240,Porites compressa,Non-bleach,2019-07-19,1,Resistant,40
243,Porites compressa,Bleach,2019-07-19,1,Susceptible,0
244,Porites compressa,Non-bleach,2019-07-19,1,Resistant,0
247,Porites compressa,Bleach,2019-07-19,1,Susceptible,0
248,Porites compressa,Non-bleach,2019-07-19,1,Resistant,0
3,Montipora capitata,Bleach,2019-09-16,3,Susceptible,80
4,Montipora capitata,Non-bleach,2019-09-16,1,Resistant,20
11,Montipora capitata,Bleach,2019-09-16,4,Susceptible,80
12,Montipora capitata,Non-bleach,2019-09-16,2,Resistant,40
19,Montipora capitata,Bleach,2019-09-16,3,Susceptible,0
20,Montipora capitata,Non-bleach,2019-09-16,1,Resistant,0
26,Porites compressa,Non-bleach,2019-09-16,1,Resistant,0
27,Porites compressa,Bleach,2019-09-16,2,Susceptible,5
35,Porites compressa,Bleach,2019-09-16,1,Susceptible,0
36,Porites compressa,Non-bleach,2019-09-16,1,Resistant,0
41,Porites compressa,Bleach,2019-09-16,1,Susceptible,0
42,Porites compressa,Non-bleach,2019-09-16,1,Resistant,5
43,Porites compressa,Bleach,2019-09-16,1,Susceptible,0
44,Porites compressa,Non-bleach,2019-09-16,2,Resistant,50
45,Porites compressa,Bleach,2019-09-16,2,Susceptible,5
46,Porites compressa,Non-bleach,2019-09-16,2,Resistant,0
201,Montipora capitata,Bleach,2019-09-16,4,Susceptible,20
202,Montipora capitata,Non-bleach,2019-09-16,2,Resistant,0
203,Montipora capitata,Bleach,2019-09-16,3,Susceptible,5
204,Montipora capitata,Non-bleach,2019-09-16,1,Resistant,0
209,Montipora capitata,Bleach,2019-09-16,5,Susceptible,10
210,Montipora capitata,Non-bleach,2019-09-16,2,Resistant,0
211,Montipora capitata,Bleach,2019-09-16,5,Susceptible,0
212,Montipora capitata,Non-bleach,2019-09-16,1,Resistant,0
217,Montipora capitata,Bleach,2019-09-16,3,Susceptible,20
218,Montipora capitata,Non-bleach,2019-09-16,1,Resistant,50
219,Montipora capitata,Bleach,2019-09-16,4,Susceptible,20
220,Montipora capitata,Non-bleach,2019-09-16,1,Resistant,5
221,Montipora capitata,Bleach,2019-09-16,4,Susceptible,20
222,Montipora capitata,Non-bleach,2019-09-16,3,Resistant,50
229,Porites compressa,Bleach,2019-09-16,3,Susceptible,0
230,Porites compressa,Non-bleach,2019-09-16,2,Resistant,0
237,Porites compressa,Bleach,2019-09-16,2,Susceptible,0
238,Porites compressa,Non-bleach,2019-09-16,1,Resistant,5
239,Porites compressa,Bleach,2019-09-16,2,Susceptible,10
240,Porites compressa,Non-bleach,2019-09-16,1,Resistant,40
243,Porites compressa,Bleach,2019-09-16,2,Susceptible,5
244,Porites compressa,Non-bleach,2019-09-16,1,Resistant,0
247,Porites compressa,Bleach,2019-09-16,2,Susceptible,0
248,Porites compressa,Non-bleach,2019-09-16,1,Resistant,0
3,Montipora capitata,Bleach,2019-10-02,4,,
4,Montipora capitata,Non-bleach,2019-10-02,2,,
11,Montipora capitata,Bleach,2019-10-02,3,,
12,Montipora capitata,Non-bleach,2019-10-02,1,,
19,Montipora capitata,Bleach,2019-10-02,3,,
20,Montipora capitata,Non-bleach,2019-10-02,1,,
26,Porites compressa,Non-bleach,2019-10-02,1,,
27,Porites compressa,Bleach,2019-10-02,2,,
35,Porites compressa,Bleach,2019-10-02,1,,
36,Porites compressa,Non-bleach,2019-10-02,1,,
41,Porites compressa,Bleach,2019-10-02,2,,
42,Porites compressa,Non-bleach,2019-10-02,1,,
43,Porites compressa,Bleach,2019-10-02,1,,
44,Porites compressa,Non-bleach,2019-10-02,5,,
45,Porites compressa,Bleach,2019-10-02,2,,
46,Porites compressa,Non-bleach,2019-10-02,1,,
201,Montipora capitata,Bleach,2019-10-02,4,,
202,Montipora capitata,Non-bleach,2019-10-02,1,,
203,Montipora capitata,Bleach,2019-10-02,3,,
204,Montipora capitata,Non-bleach,2019-10-02,1,,
209,Montipora capitata,Bleach,2019-10-02,4,,
210,Montipora capitata,Non-bleach,2019-10-02,2,,
211,Montipora capitata,Bleach,2019-10-02,5,,
212,Montipora capitata,Non-bleach,2019-10-02,1,,
217,Montipora capitata,Bleach,2019-10-02,3,,
218,Montipora capitata,Non-bleach,2019-10-02,2,,
219,Montipora capitata,Bleach,2019-10-02,4,,
220,Montipora capitata,Non-bleach,2019-10-02,1,,
221,Montipora capitata,Bleach,2019-10-02,3,,
222,Montipora capitata,Non-bleach,2019-10-02,1,,
229,Porites compressa,Bleach,2019-10-02,3,,
230,Porites compressa,Non-bleach,2019-10-02,2,,
237,Porites compressa,Bleach,2019-10-02,2,,
238,Porites compressa,Non-bleach,2019-10-02,1,,
239,Porites compressa,Bleach,2019-10-02,2,,
240,Porites compressa,Non-bleach,2019-10-02,1,,
243,Porites compressa,Bleach,2019-10-02,4,,
244,Porites compressa,Non-bleach,2019-10-02,1,,
247,Porites compressa,Bleach,2019-10-02,1,,
248,Porites compressa,Non-bleach,2019-10-02,1,,
3,Montipora capitata,Bleach,2019-10-16,3,,
4,Montipora capitata,Non-bleach,2019-10-16,1,,
11,Montipora capitata,Bleach,2019-10-16,2,,
12,Montipora capitata,Non-bleach,2019-10-16,2,,
19,Montipora capitata,Bleach,2019-10-16,3,,
20,Montipora capitata,Non-bleach,2019-10-16,1,,
26,Porites compressa,Non-bleach,2019-10-16,1,,
27,Porites compressa,Bleach,2019-10-16,1,,
35,Porites compressa,Bleach,2019-10-16,2,,
36,Porites compressa,Non-bleach,2019-10-16,1,,
41,Porites compressa,Bleach,2019-10-16,1,,
42,Porites compressa,Non-bleach,2019-10-16,1,,
43,Porites compressa,Bleach,2019-10-16,1,,
44,Porites compressa,Non-bleach,2019-10-16,4,,
45,Porites compressa,Bleach,2019-10-16,2,,
46,Porites compressa,Non-bleach,2019-10-16,1,,
201,Montipora capitata,Bleach,2019-10-16,3,,
202,Montipora capitata,Non-bleach,2019-10-16,1,,
203,Montipora capitata,Bleach,2019-10-16,2,,
204,Montipora capitata,Non-bleach,2019-10-16,1,,
209,Montipora capitata,Bleach,2019-10-16,3,,
210,Montipora capitata,Non-bleach,2019-10-16,1,,
211,Montipora capitata,Bleach,2019-10-16,2,,
212,Montipora capitata,Non-bleach,2019-10-16,1,,
217,Montipora capitata,Bleach,2019-10-16,1,,
218,Montipora capitata,Non-bleach,2019-10-16,1,,
219,Montipora capitata,Bleach,2019-10-16,2,,
220,Montipora capitata,Non-bleach,2019-10-16,1,,
221,Montipora capitata,Bleach,2019-10-16,3,,
222,Montipora capitata,Non-bleach,2019-10-16,1,,
229,Porites compressa,Bleach,2019-10-16,2,,
230,Porites compressa,Non-bleach,2019-10-16,1,,
237,Porites compressa,Bleach,2019-10-16,2,,
238,Porites compressa,Non-bleach,2019-10-16,1,,
239,Porites compressa,Bleach,2019-10-16,1,,
240,Porites compressa,Non-bleach,2019-10-16,1,,
243,Porites compressa,Bleach,2019-10-16,5,,
244,Porites compressa,Non-bleach,2019-10-16,1,,
247,Porites compressa,Bleach,2019-10-16,1,,
248,Porites compressa,Non-bleach,2019-10-16,1,,
3,Montipora capitata,Bleach,2019-10-30,2,,
4,Montipora capitata,Non-bleach,2019-10-30,1,,
11,Montipora capitata,Bleach,2019-10-30,2,,
12,Montipora capitata,Non-bleach,2019-10-30,1,,
19,Montipora capitata,Bleach,2019-10-30,3,,
20,Montipora capitata,Non-bleach,2019-10-30,2,,
26,Porites compressa,Non-bleach,2019-10-30,2,,
27,Porites compressa,Bleach,2019-10-30,1,,
35,Porites compressa,Bleach,2019-10-30,2,,
36,Porites compressa,Non-bleach,2019-10-30,1,,
41,Porites compressa,Bleach,2019-10-30,1,,
42,Porites compressa,Non-bleach,2019-10-30,1,,
43,Porites compressa,Bleach,2019-10-30,1,,
44,Porites compressa,Non-bleach,2019-10-30,3,,
45,Porites compressa,Bleach,2019-10-30,2,,
46,Porites compressa,Non-bleach,2019-10-30,1,,
201,Montipora capitata,Bleach,2019-10-30,3,,
202,Montipora capitata,Non-bleach,2019-10-30,1,,
203,Montipora capitata,Bleach,2019-10-30,2,,
204,Montipora capitata,Non-bleach,2019-10-30,1,,
209,Montipora capitata,Bleach,2019-10-30,3,,
210,Montipora capitata,Non-bleach,2019-10-30,2,,
211,Montipora capitata,Bleach,2019-10-30,3,,
212,Montipora capitata,Non-bleach,2019-10-30,1,,
217,Montipora capitata,Bleach,2019-10-30,1,,
218,Montipora capitata,Non-bleach,2019-10-30,2,,
219,Montipora capitata,Bleach,2019-10-30,3,,
220,Montipora capitata,Non-bleach,2019-10-30,1,,
221,Montipora capitata,Bleach,2019-10-30,3,,
222,Montipora capitata,Non-bleach,2019-10-30,1,,
229,Porites compressa,Bleach,2019-10-30,1,,
230,Porites compressa,Non-bleach,2019-10-30,1,,
237,Porites compressa,Bleach,2019-10-30,2,,
238,Porites compressa,Non-bleach,2019-10-30,1,,
239,Porites compressa,Bleach,2019-10-30,2,,
240,Porites compressa,Non-bleach,2019-10-30,1,,
243,Porites compressa,Bleach,2019-10-30,1,,
244,Porites compressa,Non-bleach,2019-10-30,2,,
247,Porites compressa,Bleach,2019-10-30,1,,
248,Porites compressa,Non-bleach,2019-10-30,1,,
3,Montipora capitata,Bleach,2020-01-24,2,,
4,Montipora capitata,Non-bleach,2020-01-24,1,,
11,Montipora capitata,Bleach,2020-01-24,2,,
12,Montipora capitata,Non-bleach,2020-01-24,1,,
19,Montipora capitata,Bleach,2020-01-24,1,,
20,Montipora capitata,Non-bleach,2020-01-24,1,,
26,Porites compressa,Non-bleach,2020-01-24,1,,
27,Porites compressa,Bleach,2020-01-24,1,,
35,Porites compressa,Bleach,2020-01-24,1,,
36,Porites compressa,Non-bleach,2020-01-24,1,,
41,Porites compressa,Bleach,2020-01-24,1,,
42,Porites compressa,Non-bleach,2020-01-24,1,,
43,Porites compressa,Bleach,2020-01-24,1,,
44,Porites compressa,Non-bleach,2020-01-24,1,,
45,Porites compressa,Bleach,2020-01-24,2,,
46,Porites compressa,Non-bleach,2020-01-24,1,,
201,Montipora capitata,Bleach,2020-01-24,1,,
202,Montipora capitata,Non-bleach,2020-01-24,1,,
203,Montipora capitata,Bleach,2020-01-24,1,,
204,Montipora capitata,Non-bleach,2020-01-24,1,,
209,Montipora capitata,Bleach,2020-01-24,2,,
210,Montipora capitata,Non-bleach,2020-01-24,1,,
211,Montipora capitata,Bleach,2020-01-24,1,,
212,Montipora capitata,Non-bleach,2020-01-24,1,,
217,Montipora capitata,Bleach,2020-01-24,1,,
218,Montipora capitata,Non-bleach,2020-01-24,1,,
219,Montipora capitata,Bleach,2020-01-24,1,,
220,Montipora capitata,Non-bleach,2020-01-24,1,,
221,Montipora capitata,Bleach,2020-01-24,2,,
222,Montipora capitata,Non-bleach,2020-01-24,1,,
229,Porites compressa,Bleach,2020-01-24,2,,
230,Porites compressa,Non-bleach,2020-01-24,1,,
237,Porites compressa,Bleach,2020-01-24,1,,
238,Porites compressa,Non-bleach,2020-01-24,1,,
239,Porites compressa,Bleach,2020-01-24,2,,
240,Porites compressa,Non-bleach,2020-01-24,1,,
243,Porites compressa,Bleach,2020-01-24,1,,
244,Porites compressa,Non-bleach,2020-01-24,2,,
247,Porites compressa,Bleach,2020-01-24,1,,
248,Porites compressa,Non-bleach,2020-01-24,1,,
3,Montipora capitata,Bleach,2020-08-27,3,,
4,Montipora capitata,Non-bleach,2020-08-27,1,,
11,Montipora capitata,Bleach,2020-08-27,3,,
12,Montipora capitata,Non-bleach,2020-08-27,1,,
19,Montipora capitata,Bleach,2020-08-27,4,,
20,Montipora capitata,Non-bleach,2020-08-27,1,,
26,Porites compressa,Non-bleach,2020-08-27,1,,
27,Porites compressa,Bleach,2020-08-27,1,,
41,Porites compressa,Bleach,2020-08-27,2,,
42,Porites compressa,Non-bleach,2020-08-27,1,,
43,Porites compressa,Bleach,2020-08-27,1,,
44,Porites compressa,Non-bleach,2020-08-27,1,,
45,Porites compressa,Bleach,2020-08-27,1,,
46,Porites compressa,Non-bleach,2020-08-27,1,,
201,Montipora capitata,Bleach,2020-08-27,4,,
202,Montipora capitata,Non-bleach,2020-08-27,1,,
203,Montipora capitata,Bleach,2020-08-27,3,,
204,Montipora capitata,Non-bleach,2020-08-27,1,,
209,Montipora capitata,Bleach,2020-08-27,3,,
210,Montipora capitata,Non-bleach,2020-08-27,3,,
211,Montipora capitata,Bleach,2020-08-27,3,,
212,Montipora capitata,Non-bleach,2020-08-27,1,,
217,Montipora capitata,Bleach,2020-08-27,2,,
218,Montipora capitata,Non-bleach,2020-08-27,3,,
219,Montipora capitata,Bleach,2020-08-27,3,,
220,Montipora capitata,Non-bleach,2020-08-27,1,,
221,Montipora capitata,Bleach,2020-08-27,3,,
222,Montipora capitata,Non-bleach,2020-08-27,2,,
229,Porites compressa,Bleach,2020-08-27,1,,
230,Porites compressa,Non-bleach,2020-08-27,1,,
237,Porites compressa,Bleach,2020-08-27,1,,
238,Porites compressa,Non-bleach,2020-08-27,1,,
239,Porites compressa,Bleach,2020-08-27,1,,
240,Porites compressa,Non-bleach,2020-08-27,2,,
243,Porites compressa,Bleach,2020-08-27,1,,
244,Porites compressa,Non-bleach,2020-08-27,1,,
247,Porites compressa,Bleach,2020-08-27,1,,
248,Porites compressa,Non-bleach,2020-08-27,1,,
3,Montipora capitata,Bleach,2020-10-08,4,Susceptible,80
4,Montipora capitata,Non-bleach,2020-10-08,2,Resistant,10
11,Montipora capitata,Bleach,2020-10-08,4,Susceptible,95
12,Montipora capitata,Non-bleach,2020-10-08,1,Resistant,20
19,Montipora capitata,Bleach,2020-10-08,3,Susceptible,0
20,Montipora capitata,Non-bleach,2020-10-08,1,Resistant,0
26,Porites compressa,Non-bleach,2020-10-08,1,Resistant,0
27,Porites compressa,Bleach,2020-10-08,1,Susceptible,0
41,Porites compressa,Bleach,2020-10-08,1,Susceptible,10
42,Porites compressa,Non-bleach,2020-10-08,1,Resistant,0
43,Porites compressa,Bleach,2020-10-08,1,Susceptible,0
44,Porites compressa,Non-bleach,2020-10-08,1,Resistant,10
45,Porites compressa,Bleach,2020-10-08,1,Susceptible,0
46,Porites compressa,Non-bleach,2020-10-08,1,Resistant,5
201,Montipora capitata,Bleach,2020-10-08,3,Susceptible,40
202,Montipora capitata,Non-bleach,2020-10-08,1,Resistant,0
203,Montipora capitata,Bleach,2020-10-08,4,Susceptible,0
204,Montipora capitata,Non-bleach,2020-10-08,1,Resistant,5
209,Montipora capitata,Bleach,2020-10-08,4,Susceptible,5
210,Montipora capitata,Non-bleach,2020-10-08,2,Resistant,5
211,Montipora capitata,Bleach,2020-10-08,3,Susceptible,5
212,Montipora capitata,Non-bleach,2020-10-08,1,Resistant,10
217,Montipora capitata,Bleach,2020-10-08,2,Susceptible,60
218,Montipora capitata,Non-bleach,2020-10-08,2,Resistant,50
219,Montipora capitata,Bleach,2020-10-08,4,Susceptible,60
220,Montipora capitata,Non-bleach,2020-10-08,1,Resistant,5
221,Montipora capitata,Bleach,2020-10-08,4,Susceptible,5
222,Montipora capitata,Non-bleach,2020-10-08,4,Resistant,95
229,Porites compressa,Bleach,2020-10-08,1,Susceptible,0
230,Porites compressa,Non-bleach,2020-10-08,1,Resistant,0
237,Porites compressa,Bleach,2020-10-08,1,Susceptible,0
238,Porites compressa,Non-bleach,2020-10-08,1,Resistant,0
239,Porites compressa,Bleach,2020-10-08,1,Susceptible,5
240,Porites compressa,Non-bleach,2020-10-08,3,Resistant,40
243,Porites compressa,Bleach,2020-10-08,1,Susceptible,0
244,Porites compressa,Non-bleach,2020-10-08,1,Resistant,5
247,Porites compressa,Bleach,2020-10-08,1,Susceptible,0
248,Porites compressa,Non-bleach,2020-10-08,1,Resistant,0
3,Montipora capitata,Bleach,2020-11-05,3,,
4,Montipora capitata,Non-bleach,2020-11-05,2,,
11,Montipora capitata,Bleach,2020-11-05,2,,
12,Montipora capitata,Non-bleach,2020-11-05,1,,
19,Montipora capitata,Bleach,2020-11-05,2,,
20,Montipora capitata,Non-bleach,2020-11-05,1,,
26,Porites compressa,Non-bleach,2020-11-05,1,,
27,Porites compressa,Bleach,2020-11-05,1,,
41,Porites compressa,Bleach,2020-11-05,2,,
42,Porites compressa,Non-bleach,2020-11-05,1,,
43,Porites compressa,Bleach,2020-11-05,1,,
44,Porites compressa,Non-bleach,2020-11-05,1,,
45,Porites compressa,Bleach,2020-11-05,1,,
46,Porites compressa,Non-bleach,2020-11-05,1,,
201,Montipora capitata,Bleach,2020-11-05,3,,
202,Montipora capitata,Non-bleach,2020-11-05,1,,
203,Montipora capitata,Bleach,2020-11-05,3,,
204,Montipora capitata,Non-bleach,2020-11-05,1,,
209,Montipora capitata,Bleach,2020-11-05,3,,
210,Montipora capitata,Non-bleach,2020-11-05,1,,
211,Montipora capitata,Bleach,2020-11-05,2,,
212,Montipora capitata,Non-bleach,2020-11-05,1,,
217,Montipora capitata,Bleach,2020-11-05,1,,
218,Montipora capitata,Non-bleach,2020-11-05,2,,
219,Montipora capitata,Bleach,2020-11-05,4,,
220,Montipora capitata,Non-bleach,2020-11-05,1,,
221,Montipora capitata,Bleach,2020-11-05,2,,
222,Montipora capitata,Non-bleach,2020-11-05,2,,
229,Porites compressa,Bleach,2020-11-05,1,,
230,Porites compressa,Non-bleach,2020-11-05,1,,
237,Porites compressa,Bleach,2020-11-05,1,,
238,Porites compressa,Non-bleach,2020-11-05,2,,
239,Porites compressa,Bleach,2020-11-05,1,,
240,Porites compressa,Non-bleach,2020-11-05,2,,
243,Porites compressa,Bleach,2020-11-05,1,,
244,Porites compressa,Non-bleach,2020-11-05,1,,
247,Porites compressa,Bleach,2020-11-05,1,,
248,Porites compressa,Non-bleach,2020-11-05,1,,
3,Montipora capitata,Bleach,2020-12-10,2,,
4,Montipora capitata,Non-bleach,2020-12-10,1,,
11,Montipora capitata,Bleach,2020-12-10,1,,
12,Montipora capitata,Non-bleach,2020-12-10,1,,
19,Montipora capitata,Bleach,2020-12-10,3,,
20,Montipora capitata,Non-bleach,2020-12-10,1,,
26,Porites compressa,Non-bleach,2020-12-10,1,,
27,Porites compressa,Bleach,2020-12-10,1,,
41,Porites compressa,Bleach,2020-12-10,1,,
42,Porites compressa,Non-bleach,2020-12-10,1,,
43,Porites compressa,Bleach,2020-12-10,1,,
44,Porites compressa,Non-bleach,2020-12-10,1,,
45,Porites compressa,Bleach,2020-12-10,1,,
46,Porites compressa,Non-bleach,2020-12-10,1,,
201,Montipora capitata,Bleach,2020-12-10,3,,
202,Montipora capitata,Non-bleach,2020-12-10,1,,
203,Montipora capitata,Bleach,2020-12-10,2,,
204,Montipora capitata,Non-bleach,2020-12-10,1,,
209,Montipora capitata,Bleach,2020-12-10,2,,
210,Montipora capitata,Non-bleach,2020-12-10,1,,
211,Montipora capitata,Bleach,2020-12-10,2,,
212,Montipora capitata,Non-bleach,2020-12-10,1,,
217,Montipora capitata,Bleach,2020-12-10,1,,
218,Montipora capitata,Non-bleach,2020-12-10,1,,
219,Montipora capitata,Bleach,2020-12-10,3,,
220,Montipora capitata,Non-bleach,2020-12-10,1,,
221,Montipora capitata,Bleach,2020-12-10,2,,
222,Montipora capitata,Non-bleach,2020-12-10,1,,
229,Porites compressa,Bleach,2020-12-10,1,,
230,Porites compressa,Non-bleach,2020-12-10,1,,
237,Porites compressa,Bleach,2020-12-10,1,,
238,Porites compressa,Non-bleach,2020-12-10,2,,
239,Porites compressa,Bleach,2020-12-10,2,,
240,Porites compressa,Non-bleach,2020-12-10,1,,
243,Porites compressa,Bleach,2020-12-10,1,,
244,Porites compressa,Non-bleach,2020-12-10,1,,
247,Porites compressa,Bleach,2020-12-10,1,,
248,Porites compressa,Non-bleach,2020-12-10,1,,
3,Montipora capitata,Bleach,2021-03-23,3,Susceptible,80
4,Montipora capitata,Non-bleach,2021-03-23,1,Resistant,10
11,Montipora capitata,Bleach,2021-03-23,2,Susceptible,90
12,Montipora capitata,Non-bleach,2021-03-23,1,Resistant,50
19,Montipora capitata,Bleach,2021-03-23,2,Susceptible,5
20,Montipora capitata,Non-bleach,2021-03-23,1,Resistant,0
26,Porites compressa,Non-bleach,2021-03-23,2,Resistant,0
27,Porites compressa,Bleach,2021-03-23,1,Susceptible,0
41,Porites compressa,Bleach,2021-03-23,1,Susceptible,5
42,Porites compressa,Non-bleach,2021-03-23,1,Resistant,0
43,Porites compressa,Bleach,2021-03-23,1,Susceptible,0
44,Porites compressa,Non-bleach,2021-03-23,1,Resistant,5
45,Porites compressa,Bleach,2021-03-23,1,Susceptible,0
46,Porites compressa,Non-bleach,2021-03-23,1,Resistant,5
201,Montipora capitata,Bleach,2021-03-23,3,Susceptible,40
202,Montipora capitata,Non-bleach,2021-03-23,1,Resistant,0
203,Montipora capitata,Bleach,2021-03-23,2,Susceptible,0
204,Montipora capitata,Non-bleach,2021-03-23,1,Resistant,5
209,Montipora capitata,Bleach,2021-03-23,1,Susceptible,5
210,Montipora capitata,Non-bleach,2021-03-23,1,Resistant,5
211,Montipora capitata,Bleach,2021-03-23,2,Susceptible,5
212,Montipora capitata,Non-bleach,2021-03-23,1,Resistant,20
217,Montipora capitata,Bleach,2021-03-23,1,Susceptible,80
218,Montipora capitata,Non-bleach,2021-03-23,1,Resistant,50
219,Montipora capitata,Bleach,2021-03-23,2,Susceptible,60
220,Montipora capitata,Non-bleach,2021-03-23,1,Resistant,10
221,Montipora capitata,Bleach,2021-03-23,1,Susceptible,10
222,Montipora capitata,Non-bleach,2021-03-23,1,Resistant,95
229,Porites compressa,Bleach,2021-03-23,1,Susceptible,0
230,Porites compressa,Non-bleach,2021-03-23,1,Resistant,0
237,Porites compressa,Bleach,2021-03-23,1,Susceptible,0
238,Porites compressa,Non-bleach,2021-03-23,2,Resistant,0
239,Porites compressa,Bleach,2021-03-23,1,Susceptible,0
240,Porites compressa,Non-bleach,2021-03-23,2,Resistant,40
243,Porites compressa,Bleach,2021-03-23,1,Susceptible,0
244,Porites compressa,Non-bleach,2021-03-23,1,Resistant,5
247,Porites compressa,Bleach,2021-03-23,1,Susceptible,0
248,Porites compressa,Non-bleach,2021-03-23,1,Resistant,0
3,Montipora capitata,Bleach,2021-06-25,5,,
4,Montipora capitata,Non-bleach,2021-06-25,3,,
11,Montipora capitata,Bleach,2021-06-25,4,,
19,Montipora capitata,Bleach,2021-06-25,1,,
20,Montipora capitata,Non-bleach,2021-06-25,2,,
26,Porites compressa,Non-bleach,2021-06-25,1,,
27,Porites compressa,Bleach,2021-06-25,1,,
41,Porites compressa,Bleach,2021-06-25,1,,
42,Porites compressa,Non-bleach,2021-06-25,1,,
43,Porites compressa,Bleach,2021-06-25,1,,
44,Porites compressa,Non-bleach,2021-06-25,1,,
45,Porites compressa,Bleach,2021-06-25,1,,
46,Porites compressa,Non-bleach,2021-06-25,1,,
201,Montipora capitata,Bleach,2021-06-25,3,,
202,Montipora capitata,Non-bleach,2021-06-25,1,,
203,Montipora capitata,Bleach,2021-06-25,3,,
204,Montipora capitata,Non-bleach,2021-06-25,1,,
209,Montipora capitata,Bleach,2021-06-25,2,,
210,Montipora capitata,Non-bleach,2021-06-25,1,,
212,Montipora capitata,Non-bleach,2021-06-25,1,,
217,Montipora capitata,Bleach,2021-06-25,1,,
218,Montipora capitata,Non-bleach,2021-06-25,1,,
229,Porites compressa,Bleach,2021-06-25,1,,
230,Porites compressa,Non-bleach,2021-06-25,1,,
237,Porites compressa,Bleach,2021-06-25,1,,
238,Porites compressa,Non-bleach,2021-06-25,1,,
239,Porites compressa,Bleach,2021-06-25,2,,
240,Porites compressa,Non-bleach,2021-06-25,4,,
243,Porites compressa,Bleach,2021-06-25,1,,
244,Porites compressa,Non-bleach,2021-06-25,1,,
247,Porites compressa,Bleach,2021-06-25,1,,
248,Porites compressa,Non-bleach,2021-06-25,1,,
3,Montipora capitata,Bleach,2021-09-13,4,,
4,Montipora capitata,Non-bleach,2021-09-13,2,,
11,Montipora capitata,Bleach,2021-09-13,3,,
12,Montipora capitata,Non-bleach,2021-09-13,2,,
19,Montipora capitata,Bleach,2021-09-13,3,,
20,Montipora capitata,Non-bleach,2021-09-13,1,,
26,Porites compressa,Non-bleach,2021-09-13,1,,
27,Porites compressa,Bleach,2021-09-13,1,,
41,Porites compressa,Bleach,2021-09-13,2,,
42,Porites compressa,Non-bleach,2021-09-13,1,,
43,Porites compressa,Bleach,2021-09-13,1,,
44,Porites compressa,Non-bleach,2021-09-13,1,,
45,Porites compressa,Bleach,2021-09-13,1,,
46,Porites compressa,Non-bleach,2021-09-13,1,,
201,Montipora capitata,Bleach,2021-09-13,4,,
202,Montipora capitata,Non-bleach,2021-09-13,1,,
203,Montipora capitata,Bleach,2021-09-13,4,,
204,Montipora capitata,Non-bleach,2021-09-13,2,,
209,Montipora capitata,Bleach,2021-09-13,4,,
210,Montipora capitata,Non-bleach,2021-09-13,2,,
211,Montipora capitata,Bleach,2021-09-13,4,,
212,Montipora capitata,Non-bleach,2021-09-13,1,,
217,Montipora capitata,Bleach,2021-09-13,1,,
218,Montipora capitata,Non-bleach,2021-09-13,2,,
219,Montipora capitata,Bleach,2021-09-13,4,,
220,Montipora capitata,Non-bleach,2021-09-13,1,,
221,Montipora capitata,Bleach,2021-09-13,3,,
222,Montipora capitata,Non-bleach,2021-09-13,2,,
229,Porites compressa,Bleach,2021-09-13,1,,
230,Porites compressa,Non-bleach,2021-09-13,1,,
237,Porites compressa,Bleach,2021-09-13,2,,
238,Porites compressa,Non-bleach,2021-09-13,1,,
239,Porites compressa,Bleach,2021-09-13,1,,
240,Porites compressa,Non-bleach,2021-09-13,3,,
243,Porites compressa,Bleach,2021-09-13,1,,
244,Porites compressa,Non-bleach,2021-09-13,1,,
247,Porites compressa,Bleach,2021-09-13,1,,
248,Porites compressa,Non-bleach,2021-09-13,1,,
3,Montipora capitata,Bleach,2021-10-08,4,Susceptible,80
4,Montipora capitata,Non-bleach,2021-10-08,2,Resistant,10
11,Montipora capitata,Bleach,2021-10-08,2,Susceptible,95
12,Montipora capitata,Non-bleach,2021-10-08,1,Resistant,60
19,Montipora capitata,Bleach,2021-10-08,4,Susceptible,5
20,Montipora capitata,Non-bleach,2021-10-08,1,Resistant,0
26,Porites compressa,Non-bleach,2021-10-08,1,Resistant,0
27,Porites compressa,Bleach,2021-10-08,1,Susceptible,0
41,Porites compressa,Bleach,2021-10-08,1,Susceptible,5
43,Porites compressa,Bleach,2021-10-08,1,Susceptible,0
44,Porites compressa,Non-bleach,2021-10-08,1,Resistant,5
45,Porites compressa,Bleach,2021-10-08,1,Susceptible,0
46,Porites compressa,Non-bleach,2021-10-08,1,Resistant,0
201,Montipora capitata,Bleach,2021-10-08,4,Susceptible,60
202,Montipora capitata,Non-bleach,2021-10-08,1,Resistant,0
203,Montipora capitata,Bleach,2021-10-08,3,Susceptible,10
204,Montipora capitata,Non-bleach,2021-10-08,1,Resistant,5
209,Montipora capitata,Bleach,2021-10-08,4,Susceptible,10
210,Montipora capitata,Non-bleach,2021-10-08,1,Resistant,10
211,Montipora capitata,Bleach,2021-10-08,2,Susceptible,10
212,Montipora capitata,Non-bleach,2021-10-08,1,Resistant,50
219,Montipora capitata,Bleach,2021-10-08,3,Susceptible,60
220,Montipora capitata,Non-bleach,2021-10-08,1,Resistant,10
221,Montipora capitata,Bleach,2021-10-08,2,Susceptible,10
222,Montipora capitata,Non-bleach,2021-10-08,3,Resistant,95
237,Porites compressa,Bleach,2021-10-08,1,Susceptible,0
238,Porites compressa,Non-bleach,2021-10-08,1,Resistant,0
240,Porites compressa,Non-bleach,2021-10-08,2,Resistant,40
243,Porites compressa,Bleach,2021-10-08,1,Susceptible,0
247,Porites compressa,Bleach,2021-10-08,1,Susceptible,5
1,Montipora capitata,Bleach,2022-03-09,1,,
2,Montipora capitata,Non-bleach,2022-03-09,1,,
3,Montipora capitata,Bleach,2022-03-09,2,Susceptible,90
4,Montipora capitata,Non-bleach,2022-03-09,1,Resistant,20
11,Montipora capitata,Bleach,2022-03-09,1,Susceptible,95
12,Montipora capitata,Non-bleach,2022-03-09,1,Resistant,80
13,Montipora capitata,Bleach,2022-03-09,1,,
15,Montipora capitata,Bleach,2022-03-09,1,,
16,Montipora capitata,Non-bleach,2022-03-09,1,,
19,Montipora capitata,Bleach,2022-03-09,1,Susceptible,5
20,Montipora capitata,Non-bleach,2022-03-09,1,Resistant,0
26,Porites compressa,Non-bleach,2022-03-09,1,Resistant,0
27,Porites compressa,Bleach,2022-03-09,1,Susceptible,0
28,Porites compressa,Non-bleach,2022-03-09,1,,
29,Porites compressa,Bleach,2022-03-09,1,,
41,Porites compressa,Bleach,2022-03-09,1,Susceptible,10
42,Porites compressa,Non-bleach,2022-03-09,1,Resistant,0
43,Porites compressa,Bleach,2022-03-09,1,Susceptible,0
44,Porites compressa,Non-bleach,2022-03-09,1,Resistant,0
45,Porites compressa,Bleach,2022-03-09,1,Susceptible,0
46,Porites compressa,Non-bleach,2022-03-09,1,Resistant,0
201,Montipora capitata,Bleach,2022-03-09,1,Susceptible,80
202,Montipora capitata,Non-bleach,2022-03-09,1,Resistant,0
203,Montipora capitata,Bleach,2022-03-09,1,Susceptible,10
204,Montipora capitata,Non-bleach,2022-03-09,1,Resistant,5
205,Montipora capitata,Bleach,2022-03-09,1,,
206,Montipora capitata,Non-bleach,2022-03-09,1,,
209,Montipora capitata,Bleach,2022-03-09,2,Susceptible,10
210,Montipora capitata,Non-bleach,2022-03-09,1,Resistant,10
211,Montipora capitata,Bleach,2022-03-09,1,Susceptible,10
212,Montipora capitata,Non-bleach,2022-03-09,1,Resistant,80
217,Montipora capitata,Bleach,2022-03-09,1,Susceptible,80
218,Montipora capitata,Non-bleach,2022-03-09,1,Resistant,50
219,Montipora capitata,Bleach,2022-03-09,1,Susceptible,70
220,Montipora capitata,Non-bleach,2022-03-09,1,Resistant,20
221,Montipora capitata,Bleach,2022-03-09,1,Susceptible,10
222,Montipora capitata,Non-bleach,2022-03-09,1,Resistant,95
225,Porites compressa,Bleach,2022-03-09,1,Susceptible,0
226,Porites compressa,Non-bleach,2022-03-09,1,Resistant,0
233,Porites compressa,Bleach,2022-03-09,1,,
234,Porites compressa,Non-bleach,2022-03-09,1,,
235,Porites compressa,Bleach,2022-03-09,1,Susceptible,0
236,Porites compressa,Non-bleach,2022-03-09,1,Resistant,0
237,Porites compressa,Bleach,2022-03-09,1,Susceptible,0
238,Porites compressa,Non-bleach,2022-03-09,1,Resistant,0
239,Porites compressa,Bleach,2022-03-09,1,Susceptible,5
240,Porites compressa,Non-bleach,2022-03-09,1,Resistant,40
241,Porites compressa,Bleach,2022-03-09,1,,
242,Porites compressa,Non-bleach,2022-03-09,1,,
243,Porites compressa,Bleach,2022-03-09,1,Susceptible,5
244,Porites compressa,Non-bleach,2022-03-09,1,Resistant,0
247,Porites compressa,Bleach,2022-03-09,1,Susceptible,0
248,Porites compressa,Non-bleach,2022-03-09,1,Resistant,0
1,Montipora capitata,Bleach,2022-09-01,1,,
2,Montipora capitata,Non-bleach,2022-09-01,1,,
3,Montipora capitata,Bleach,2022-09-01,3,Susceptible,90
4,Montipora capitata,Non-bleach,2022-09-01,1,Resistant,40
11,Montipora capitata,Bleach,2022-09-01,1,Susceptible,95
12,Montipora capitata,Non-bleach,2022-09-01,1,Resistant,80
15,Montipora capitata,Bleach,2022-09-01,2,,
16,Montipora capitata,Non-bleach,2022-09-01,2,,
19,Montipora capitata,Bleach,2022-09-01,4,Susceptible,5
20,Montipora capitata,Non-bleach,2022-09-01,1,Resistant,0
26,Porites compressa,Non-bleach,2022-09-01,1,Resistant,0
27,Porites compressa,Bleach,2022-09-01,1,Susceptible,0
28,Porites compressa,Non-bleach,2022-09-01,1,,
29,Porites compressa,Bleach,2022-09-01,1,,
41,Porites compressa,Bleach,2022-09-01,1,Susceptible,5
42,Porites compressa,Non-bleach,2022-09-01,1,Resistant,0
43,Porites compressa,Bleach,2022-09-01,1,Susceptible,0
44,Porites compressa,Non-bleach,2022-09-01,1,Resistant,0
45,Porites compressa,Bleach,2022-09-01,1,Susceptible,0
46,Porites compressa,Non-bleach,2022-09-01,1,Resistant,0
201,Montipora capitata,Bleach,2022-09-01,2,Susceptible,80
202,Montipora capitata,Non-bleach,2022-09-01,1,Resistant,5
203,Montipora capitata,Bleach,2022-09-01,3,Susceptible,20
204,Montipora capitata,Non-bleach,2022-09-01,1,Resistant,10
205,Montipora capitata,Bleach,2022-09-01,2,,
206,Montipora capitata,Non-bleach,2022-09-01,1,,
207,Montipora capitata,Bleach,2022-09-01,1,,
208,Montipora capitata,Non-bleach,2022-09-01,1,,
209,Montipora capitata,Bleach,2022-09-01,5,Susceptible,10
210,Montipora capitata,Non-bleach,2022-09-01,1,Resistant,20
211,Montipora capitata,Bleach,2022-09-01,3,Susceptible,5
212,Montipora capitata,Non-bleach,2022-09-01,1,Resistant,80
213,Montipora capitata,Bleach,2022-09-01,1,Susceptible,40
214,Montipora capitata,Non-bleach,2022-09-01,1,Resistant,20
219,Montipora capitata,Bleach,2022-09-01,3,Susceptible,80
220,Montipora capitata,Non-bleach,2022-09-01,1,Resistant,20
221,Montipora capitata,Bleach,2022-09-01,2,Susceptible,10
222,Montipora capitata,Non-bleach,2022-09-01,2,Resistant,95
225,Porites compressa,Bleach,2022-09-01,1,Susceptible,0
226,Porites compressa,Non-bleach,2022-09-01,1,Resistant,0
233,Porites compressa,Bleach,2022-09-01,1,,
234,Porites compressa,Non-bleach,2022-09-01,1,,
235,Porites compressa,Bleach,2022-09-01,1,Susceptible,0
236,Porites compressa,Non-bleach,2022-09-01,1,Resistant,0
237,Porites compressa,Bleach,2022-09-01,1,Susceptible,0
238,Porites compressa,Non-bleach,2022-09-01,1,Resistant,0
239,Porites compressa,Bleach,2022-09-01,1,Susceptible,0
240,Porites compressa,Non-bleach,2022-09-01,2,Resistant,40
241,Porites compressa,Bleach,2022-09-01,1,,
242,Porites compressa,Non-bleach,2022-09-01,1,,
243,Porites compressa,Bleach,2022-09-01,1,Susceptible,0
244,Porites compressa,Non-bleach,2022-09-01,1,Resistant,0
247,Porites compressa,Bleach,2022-09-01,1,Susceptible,0
248,Porites compressa,Non-bleach,2022-09-01,1,Resistant,0
11,Montipora capitata,,2015-11-01,,Susceptible,0
11,Montipora capitata,,2016-09-16,,Susceptible,0
11,Montipora capitata,,2017-05-15,,Susceptible,0
11,Montipora capitata,,2017-11-01,,Susceptible,0
11,Montipora capitata,,2020-02-13,,Susceptible,80
11,Montipora capitata,,2023-04-23,,Susceptible,95
11,Montipora capitata,,2023-09-13,,Susceptible,100
12,Montipora capitata,,2015-11-01,,Resistant,0
12,Montipora capitata,,2016-09-16,,Resistant,20
12,Montipora capitata,,2017-05-15,,Resistant,20
12,Montipora capitata,,2017-11-01,,Resistant,20
12,Montipora capitata,,2020-02-13,,Resistant,40
12,Montipora capitata,,2023-04-23,,Resistant,80
12,Montipora capitata,,2023-09-13,,Resistant,80
19,Montipora capitata,,2015-11-01,,Susceptible,0
19,Montipora capitata,,2016-09-16,,Susceptible,0
19,Montipora capitata,,2017-05-15,,Susceptible,0
19,Montipora capitata,,2017-11-01,,Susceptible,0
19,Montipora capitata,,2020-02-13,,Susceptible,0
19,Montipora capitata,,2023-04-23,,Susceptible,30
19,Montipora capitata,,2023-09-13,,Susceptible,20
201,Montipora capitata,,2015-11-01,,Susceptible,0
201,Montipora capitata,,2016-09-16,,Susceptible,20
201,Montipora capitata,,2017-05-15,,Susceptible,20
201,Montipora capitata,,2017-11-01,,Susceptible,20
201,Montipora capitata,,2020-02-13,,Susceptible,20
201,Montipora capitata,,2023-04-23,,Susceptible,80
201,Montipora capitata,,2023-09-13,,Susceptible,80
202,Montipora capitata,,2015-11-01,,Resistant,0
202,Montipora capitata,,2016-09-16,,Resistant,0
202,Montipora capitata,,2017-05-15,,Resistant,20
202,Montipora capitata,,2017-11-01,,Resistant,20
202,Montipora capitata,,2020-02-13,,Resistant,0
202,Montipora capitata,,2023-04-23,,Resistant,5
202,Montipora capitata,,2023-09-13,,Resistant,10
203,Montipora capitata,,2015-11-01,,Susceptible,20
203,Montipora capitata,,2016-09-16,,Susceptible,40
203,Montipora capitata,,2017-05-15,,Susceptible,40
203,Montipora capitata,,2017-11-01,,Susceptible,40
203,Montipora capitata,,2020-02-13,,Susceptible,5
203,Montipora capitata,,2023-04-23,,Susceptible,50
203,Montipora capitata,,2023-09-13,,Susceptible,50
204,Montipora capitata,,2015-11-01,,Resistant,0
204,Montipora capitata,,2016-09-16,,Resistant,0
204,Montipora capitata,,2017-05-15,,Resistant,0
204,Montipora capitata,,2017-11-01,,Resistant,0
204,Montipora capitata,,2020-02-13,,Resistant,0
204,Montipora capitata,,2023-04-23,,Resistant,10
204,Montipora capitata,,2023-09-13,,Resistant,30
209,Montipora capitata,,2015-11-01,,Susceptible,0
209,Montipora capitata,,2016-09-16,,Susceptible,0
209,Montipora capitata,,2017-05-15,,Susceptible,0
209,Montipora capitata,,2017-11-01,,Susceptible,20
209,Montipora capitata,,2020-02-13,,Susceptible,20
209,Montipora capitata,,2023-04-23,,Susceptible,10
209,Montipora capitata,,2023-09-13,,Susceptible,10
20,Montipora capitata,,2015-11-01,,Resistant,0
20,Montipora capitata,,2016-09-16,,Resistant,0
20,Montipora capitata,,2017-05-15,,Resistant,0
20,Montipora capitata,,2017-11-01,,Resistant,0
20,Montipora capitata,,2020-02-13,,Resistant,0
20,Montipora capitata,,2023-04-23,,Resistant,0
20,Montipora capitata,,2023-09-13,,Resistant,0
210,Montipora capitata,,2015-11-01,,Resistant,0
210,Montipora capitata,,2016-09-16,,Resistant,0
210,Montipora capitata,,2017-05-15,,Resistant,0
210,Montipora capitata,,2017-11-01,,Resistant,0
210,Montipora capitata,,2020-02-13,,Resistant,0
210,Montipora capitata,,2023-04-23,,Resistant,40
210,Montipora capitata,,2023-09-13,,Resistant,50
211,Montipora capitata,,2015-11-01,,Susceptible,0
211,Montipora capitata,,2016-09-16,,Susceptible,20
211,Montipora capitata,,2017-05-15,,Susceptible,20
211,Montipora capitata,,2017-11-01,,Susceptible,20
211,Montipora capitata,,2020-02-13,,Susceptible,5
211,Montipora capitata,,2023-04-23,,Susceptible,10
211,Montipora capitata,,2023-09-13,,Susceptible,10
212,Montipora capitata,,2015-11-01,,Resistant,0
212,Montipora capitata,,2016-09-16,,Resistant,0
212,Montipora capitata,,2017-05-15,,Resistant,0
212,Montipora capitata,,2017-11-01,,Resistant,20
212,Montipora capitata,,2020-02-13,,Resistant,5
212,Montipora capitata,,2023-04-23,,Resistant,95
212,Montipora capitata,,2023-09-13,,Resistant,95
213,Montipora capitata,,2015-11-01,,Susceptible,0
213,Montipora capitata,,2016-05-31,,Susceptible,20
213,Montipora capitata,,2016-09-16,,Susceptible,20
213,Montipora capitata,,2017-05-15,,Susceptible,20
213,Montipora capitata,,2017-11-01,,Susceptible,20
213,Montipora capitata,,2019-07-19,,Susceptible,20
213,Montipora capitata,,2019-09-16,,Susceptible,20
213,Montipora capitata,,2020-02-13,,Susceptible,20
213,Montipora capitata,,2020-10-08,,Susceptible,20
213,Montipora capitata,,2021-03-23,,Susceptible,20
213,Montipora capitata,,2021-10-08,,Susceptible,20
213,Montipora capitata,,2022-03-09,,Susceptible,40
213,Montipora capitata,,2023-04-23,,Susceptible,40
213,Montipora capitata,,2023-09-13,,Susceptible,40
214,Montipora capitata,,2015-11-01,,Resistant,0
214,Montipora capitata,,2016-05-31,,Resistant,0
214,Montipora capitata,,2016-09-16,,Resistant,0
214,Montipora capitata,,2017-05-15,,Resistant,0
214,Montipora capitata,,2017-11-01,,Resistant,0
214,Montipora capitata,,2019-07-19,,Resistant,0
214,Montipora capitata,,2019-09-16,,Resistant,0
214,Montipora capitata,,2020-02-13,,Resistant,0
214,Montipora capitata,,2020-10-08,,Resistant,0
214,Montipora capitata,,2021-03-23,,Resistant,0
214,Montipora capitata,,2021-10-08,,Resistant,0
214,Montipora capitata,,2022-03-09,,Resistant,20
214,Montipora capitata,,2023-04-23,,Resistant,20
214,Montipora capitata,,2023-09-13,,Resistant,20
217,Montipora capitata,,2015-11-01,,Susceptible,0
217,Montipora capitata,,2016-05-31,,Susceptible,20
217,Montipora capitata,,2016-09-16,,Susceptible,20
217,Montipora capitata,,2017-05-15,,Susceptible,20
217,Montipora capitata,,2017-11-01,,Susceptible,20
217,Montipora capitata,,2020-02-13,,Susceptible,20
217,Montipora capitata,,2021-10-08,,Susceptible,80
217,Montipora capitata,,2022-09-01,,Susceptible,80
217,Montipora capitata,,2023-04-23,,Susceptible,95
217,Montipora capitata,,2023-09-13,,Susceptible,95
218,Montipora capitata,,2015-11-01,,Resistant,0
218,Montipora capitata,,2016-05-31,,Resistant,0
218,Montipora capitata,,2016-09-16,,Resistant,0
218,Montipora capitata,,2017-05-15,,Resistant,0
218,Montipora capitata,,2017-11-01,,Resistant,0
218,Montipora capitata,,2020-02-13,,Resistant,50
218,Montipora capitata,,2021-10-08,,Resistant,50
218,Montipora capitata,,2022-09-01,,Resistant,50
218,Montipora capitata,,2023-04-23,,Resistant,80
218,Montipora capitata,,2023-09-13,,Resistant,90
219,Montipora capitata,,2015-11-01,,Susceptible,0
219,Montipora capitata,,2016-09-16,,Susceptible,20
219,Montipora capitata,,2017-05-15,,Susceptible,20
219,Montipora capitata,,2017-11-01,,Susceptible,20
219,Montipora capitata,,2020-02-13,,Susceptible,80
219,Montipora capitata,,2023-04-23,,Susceptible,95
219,Montipora capitata,,2023-09-13,,Susceptible,95
220,Montipora capitata,,2015-11-01,,Resistant,0
220,Montipora capitata,,2016-09-16,,Resistant,0
220,Montipora capitata,,2017-05-15,,Resistant,20
220,Montipora capitata,,2017-11-01,,Resistant,20
220,Montipora capitata,,2020-02-13,,Resistant,10
220,Montipora capitata,,2023-04-23,,Resistant,50
220,Montipora capitata,,2023-09-13,,Resistant,50
221,Montipora capitata,,2015-11-01,,Susceptible,0
221,Montipora capitata,,2016-09-16,,Susceptible,20
221,Montipora capitata,,2017-05-15,,Susceptible,20
221,Montipora capitata,,2017-11-01,,Susceptible,20
221,Montipora capitata,,2020-02-13,,Susceptible,10
221,Montipora capitata,,2023-04-23,,Susceptible,20
221,Montipora capitata,,2023-09-13,,Susceptible,30
222,Montipora capitata,,2015-11-01,,Resistant,0
222,Montipora capitata,,2016-09-16,,Resistant,0
222,Montipora capitata,,2017-05-15,,Resistant,0
222,Montipora capitata,,2017-11-01,,Resistant,0
222,Montipora capitata,,2020-02-13,,Resistant,90
222,Montipora capitata,,2023-04-23,,Resistant,95
222,Montipora capitata,,2023-09-13,,Resistant,100
3,Montipora capitata,,2015-11-01,,Susceptible,0
3,Montipora capitata,,2016-09-16,,Susceptible,0
3,Montipora capitata,,2017-05-15,,Susceptible,0
3,Montipora capitata,,2017-11-01,,Susceptible,0
3,Montipora capitata,,2020-02-13,,Susceptible,80
3,Montipora capitata,,2023-04-23,,Susceptible,90
3,Montipora capitata,,2023-09-13,,Susceptible,80
4,Montipora capitata,,2015-11-01,,Resistant,0
4,Montipora capitata,,2016-09-16,,Resistant,0
4,Montipora capitata,,2017-05-15,,Resistant,0
4,Montipora capitata,,2017-11-01,,Resistant,10
4,Montipora capitata,,2020-02-13,,Resistant,20
4,Montipora capitata,,2023-04-23,,Resistant,40
4,Montipora capitata,,2023-09-13,,Resistant,20
225,Porites compressa,,2015-11-01,,Susceptible,40
225,Porites compressa,,2016-05-31,,Susceptible,20
225,Porites compressa,,2016-09-16,,Susceptible,0
225,Porites compressa,,2017-05-15,,Susceptible,0
225,Porites compressa,,2017-11-01,,Susceptible,0
225,Porites compressa,,2019-07-19,,Susceptible,0
225,Porites compressa,,2019-09-16,,Susceptible,0
225,Porites compressa,,2020-02-13,,Susceptible,0
225,Porites compressa,,2020-10-08,,Susceptible,0
225,Porites compressa,,2021-03-23,,Susceptible,0
225,Porites compressa,,2021-10-08,,Susceptible,0
225,Porites compressa,,2023-04-23,,Susceptible,0
225,Porites compressa,,2023-09-13,,Susceptible,0
226,Porites compressa,,2015-11-01,,Resistant,0
226,Porites compressa,,2016-05-31,,Resistant,0
226,Porites compressa,,2016-09-16,,Resistant,0
226,Porites compressa,,2017-05-15,,Resistant,0
226,Porites compressa,,2017-11-01,,Resistant,0
226,Porites compressa,,2019-07-19,,Resistant,0
226,Porites compressa,,2019-09-16,,Resistant,0
226,Porites compressa,,2020-02-13,,Resistant,0
226,Porites compressa,,2020-10-08,,Resistant,0
226,Porites compressa,,2021-03-23,,Resistant,0
226,Porites compressa,,2021-10-08,,Resistant,0
226,Porites compressa,,2023-04-23,,Resistant,0
226,Porites compressa,,2023-09-13,,Resistant,0
229,Porites compressa,,2015-11-01,,Susceptible,0
229,Porites compressa,,2016-09-16,,Susceptible,0
229,Porites compressa,,2017-05-15,,Susceptible,0
229,Porites compressa,,2017-11-01,,Susceptible,0
229,Porites compressa,,2020-02-13,,Susceptible,0
229,Porites compressa,,2021-10-08,,Susceptible,0
229,Porites compressa,,2022-03-09,,Susceptible,0
229,Porites compressa,,2022-09-01,,Susceptible,0
229,Porites compressa,,2023-04-23,,Susceptible,0
229,Porites compressa,,2023-09-13,,Susceptible,0
230,Porites compressa,,2015-11-01,,Resistant,0
230,Porites compressa,,2016-09-16,,Resistant,0
230,Porites compressa,,2017-05-15,,Resistant,0
230,Porites compressa,,2017-11-01,,Resistant,0
230,Porites compressa,,2020-02-13,,Resistant,0
230,Porites compressa,,2021-10-08,,Resistant,0
230,Porites compressa,,2022-03-09,,Resistant,0
230,Porites compressa,,2022-09-01,,Resistant,0
230,Porites compressa,,2023-04-23,,Resistant,0
230,Porites compressa,,2023-09-13,,Resistant,0
235,Porites compressa,,2015-11-01,,Susceptible,20
235,Porites compressa,,2016-05-31,,Susceptible,20
235,Porites compressa,,2016-09-16,,Susceptible,20
235,Porites compressa,,2017-05-15,,Susceptible,0
235,Porites compressa,,2017-11-01,,Susceptible,0
235,Porites compressa,,2019-07-19,,Susceptible,0
235,Porites compressa,,2019-09-16,,Susceptible,0
235,Porites compressa,,2020-02-13,,Susceptible,0
235,Porites compressa,,2020-10-08,,Susceptible,0
235,Porites compressa,,2021-03-23,,Susceptible,0
235,Porites compressa,,2021-10-08,,Susceptible,0
235,Porites compressa,,2023-04-23,,Susceptible,0
235,Porites compressa,,2023-09-13,,Susceptible,0
236,Porites compressa,,2015-11-01,,Resistant,0
236,Porites compressa,,2016-05-31,,Resistant,0
236,Porites compressa,,2016-09-16,,Resistant,0
236,Porites compressa,,2017-05-15,,Resistant,0
236,Porites compressa,,2017-11-01,,Resistant,0
236,Porites compressa,,2019-07-19,,Resistant,0
236,Porites compressa,,2019-09-16,,Resistant,0
236,Porites compressa,,2020-02-13,,Resistant,0
236,Porites compressa,,2020-10-08,,Resistant,0
236,Porites compressa,,2021-03-23,,Resistant,0
236,Porites compressa,,2021-10-08,,Resistant,0
236,Porites compressa,,2023-04-23,,Resistant,0
236,Porites compressa,,2023-09-13,,Resistant,0
237,Porites compressa,,2015-11-01,,Susceptible,0
237,Porites compressa,,2016-09-16,,Susceptible,0
237,Porites compressa,,2017-05-15,,Susceptible,0
237,Porites compressa,,2017-11-01,,Susceptible,0
237,Porites compressa,,2020-02-13,,Susceptible,0
237,Porites compressa,,2023-04-23,,Susceptible,5
237,Porites compressa,,2023-09-13,,Susceptible,5
238,Porites compressa,,2015-11-01,,Resistant,0
238,Porites compressa,,2016-09-16,,Resistant,0
238,Porites compressa,,2017-05-15,,Resistant,0
238,Porites compressa,,2017-11-01,,Resistant,0
238,Porites compressa,,2020-02-13,,Resistant,5
238,Porites compressa,,2023-04-23,,Resistant,0
238,Porites compressa,,2023-09-13,,Resistant,0
239,Porites compressa,,2015-11-01,,Susceptible,20
239,Porites compressa,,2016-09-16,,Susceptible,0
239,Porites compressa,,2017-05-15,,Susceptible,0
239,Porites compressa,,2017-11-01,,Susceptible,0
239,Porites compressa,,2020-02-13,,Susceptible,10
239,Porites compressa,,2021-10-08,,Susceptible,0
239,Porites compressa,,2023-04-23,,Susceptible,0
239,Porites compressa,,2023-09-13,,Susceptible,5
240,Porites compressa,,2015-11-01,,Resistant,0
240,Porites compressa,,2016-09-16,,Resistant,0
240,Porites compressa,,2017-05-15,,Resistant,20
240,Porites compressa,,2017-11-01,,Resistant,40
240,Porites compressa,,2020-02-13,,Resistant,40
240,Porites compressa,,2023-04-23,,Resistant,40
240,Porites compressa,,2023-09-13,,Resistant,20
243,Porites compressa,,2015-11-01,,Susceptible,20
243,Porites compressa,,2016-09-16,,Susceptible,60
243,Porites compressa,,2017-05-15,,Susceptible,40
243,Porites compressa,,2017-11-01,,Susceptible,40
243,Porites compressa,,2020-02-13,,Susceptible,0
243,Porites compressa,,2023-04-23,,Susceptible,0
243,Porites compressa,,2023-09-13,,Susceptible,0
244,Porites compressa,,2015-11-01,,Resistant,0
244,Porites compressa,,2016-09-16,,Resistant,0
244,Porites compressa,,2017-05-15,,Resistant,0
244,Porites compressa,,2017-11-01,,Resistant,0
244,Porites compressa,,2020-02-13,,Resistant,5
244,Porites compressa,,2021-10-08,,Resistant,0
244,Porites compressa,,2023-04-23,,Resistant,0
244,Porites compressa,,2023-09-13,,Resistant,5
247,Porites compressa,,2015-11-01,,Susceptible,20
247,Porites compressa,,2016-09-16,,Susceptible,40
247,Porites compressa,,2017-05-15,,Susceptible,40
247,Porites compressa,,2017-11-01,,Susceptible,40
247,Porites compressa,,2020-02-13,,Susceptible,0
247,Porites compressa,,2023-04-23,,Susceptible,0
247,Porites compressa,,2023-09-13,,Susceptible,0
248,Porites compressa,,2015-11-01,,Resistant,0
248,Porites compressa,,2016-09-16,,Resistant,0
248,Porites compressa,,2017-05-15,,Resistant,0
248,Porites compressa,,2017-11-01,,Resistant,0
248,Porites compressa,,2020-02-13,,Resistant,0
248,Porites compressa,,2021-10-08,,Resistant,0
248,Porites compressa,,2023-04-23,,Resistant,0
248,Porites compressa,,2023-09-13,,Resistant,0
26,Porites compressa,,2015-11-01,,Resistant,0
26,Porites compressa,,2016-09-16,,Resistant,0
26,Porites compressa,,2017-05-15,,Resistant,0
26,Porites compressa,,2017-11-01,,Resistant,0
26,Porites compressa,,2020-02-13,,Resistant,0
26,Porites compressa,,2023-04-23,,Resistant,0
26,Porites compressa,,2023-09-13,,Resistant,0
27,Porites compressa,,2015-11-01,,Susceptible,0
27,Porites compressa,,2016-09-16,,Susceptible,0
27,Porites compressa,,2017-05-15,,Susceptible,0
27,Porites compressa,,2017-11-01,,Susceptible,0
27,Porites compressa,,2020-02-13,,Susceptible,0
27,Porites compressa,,2023-04-23,,Susceptible,0
27,Porites compressa,,2023-09-13,,Susceptible,0
35,Porites compressa,,2015-11-01,,Susceptible,0
35,Porites compressa,,2016-09-16,,Susceptible,0
35,Porites compressa,,2017-05-15,,Susceptible,0
35,Porites compressa,,2017-11-01,,Susceptible,0
35,Porites compressa,,2020-02-13,,Susceptible,0
35,Porites compressa,,2020-10-08,,Susceptible,0
35,Porites compressa,,2021-03-23,,Susceptible,0
35,Porites compressa,,2021-10-08,,Susceptible,0
35,Porites compressa,,2022-03-09,,Susceptible,0
35,Porites compressa,,2022-09-01,,Susceptible,0
35,Porites compressa,,2023-04-23,,Susceptible,0
35,Porites compressa,,2023-09-13,,Susceptible,0
36,Porites compressa,,2015-11-01,,Resistant,0
36,Porites compressa,,2016-09-16,,Resistant,0
36,Porites compressa,,2017-05-15,,Resistant,0
36,Porites compressa,,2017-11-01,,Resistant,0
36,Porites compressa,,2020-02-13,,Resistant,0
36,Porites compressa,,2020-10-08,,Resistant,0
36,Porites compressa,,2021-03-23,,Resistant,0
36,Porites compressa,,2021-10-08,,Resistant,0
36,Porites compressa,,2022-03-09,,Resistant,0
36,Porites compressa,,2022-09-01,,Resistant,0
36,Porites compressa,,2023-04-23,,Resistant,0
36,Porites compressa,,2023-09-13,,Resistant,0
41,Porites compressa,,2015-11-01,,Susceptible,0
41,Porites compressa,,2016-09-16,,Susceptible,0
41,Porites compressa,,2017-05-15,,Susceptible,0
41,Porites compressa,,2017-11-01,,Susceptible,0
41,Porites compressa,,2020-02-13,,Susceptible,0
41,Porites compressa,,2023-04-23,,Susceptible,5
41,Porites compressa,,2023-09-13,,Susceptible,0
42,Porites compressa,,2015-11-01,,Resistant,0
42,Porites compressa,,2016-09-16,,Resistant,0
42,Porites compressa,,2017-05-15,,Resistant,0
42,Porites compressa,,2017-11-01,,Resistant,0
42,Porites compressa,,2020-02-13,,Resistant,0
42,Porites compressa,,2021-10-08,,Resistant,0
42,Porites compressa,,2023-04-23,,Resistant,0
42,Porites compressa,,2023-09-13,,Resistant,0
43,Porites compressa,,2015-11-01,,Susceptible,0
43,Porites compressa,,2016-09-16,,Susceptible,40
43,Porites compressa,,2017-05-15,,Susceptible,40
43,Porites compressa,,2017-11-01,,Susceptible,40
43,Porites compressa,,2020-02-13,,Susceptible,0
43,Porites compressa,,2023-04-23,,Susceptible,0
43,Porites compressa,,2023-09-13,,Susceptible,0
44,Porites compressa,,2015-11-01,,Resistant,0
44,Porites compressa,,2016-09-16,,Resistant,0
44,Porites compressa,,2017-05-15,,Resistant,0
44,Porites compressa,,2017-11-01,,Resistant,0
44,Porites compressa,,2020-02-13,,Resistant,60
44,Porites compressa,,2023-04-23,,Resistant,0
44,Porites compressa,,2023-09-13,,Resistant,0
45,Porites compressa,,2015-11-01,,Susceptible,20
45,Porites compressa,,2016-09-16,,Susceptible,80
45,Porites compressa,,2017-05-15,,Susceptible,60
45,Porites compressa,,2017-11-01,,Susceptible,60
45,Porites compressa,,2020-02-13,,Susceptible,0
45,Porites compressa,,2023-04-23,,Susceptible,0
45,Porites compressa,,2023-09-13,,Susceptible,0
46,Porites compressa,,2015-11-01,,Resistant,0
46,Porites compressa,,2016-09-16,,Resistant,0
46,Porites compressa,,2017-05-15,,Resistant,0
46,Porites compressa,,2017-11-01,,Resistant,0
46,Porites compressa,,2020-02-13,,Resistant,0
46,Porites compressa,,2023-04-23,,Resistant,0
46,Porites compressa,,2023-09-13,,Resistant,0
